index,ID,DATE,TO USER ACCOUNT,FROM USER ACCOUNT,REASON,SCORE 1,SCORE 2,SCORE 3,DUPLICATE ID 1,DUPLICATE ID 2,DUPLICATE ID 3,DISMISSED 1,DISMISSED 2,DISMISSED 3,QUANTIFIER 1 USERNAME,QUANTIFIER 2 USERNAME,QUANTIFIER 3 USERNAME,AVG SCORE,SPREAD
171,62c5f7dd262dbd2259e42a14,2022-03-20T23:00:00.000Z,mafer_cordovas#1034,Yineisy Mota#1449,for representing CS at ETH Rio! ,55.0,0.0,144,,,62c5f7dd262dbd2259e42a10,False,True,False,Tamarandom#9361,liviade#1387,Yineisy Mota#1449,23.13,144.0
140,62c5f7dd262dbd2259e429f5,2022-03-17T23:00:00.000Z,iviangita#3204,Yineisy Mota#1449,"@griff (ğŸ’œ, ğŸ’œ) @The Prophet Margin @irenioskamoska@Dani Dos for joining our AMA on ""Inclusion Culture in Public Goods"" today! âœ¨ ",1.0,1.0,144,,,,False,False,False,Tamarandom#9361,liviade#1387,usamaahmed#9991,48.67,143.0
164,62c5f7dd262dbd2259e42a0d,2022-03-19T23:00:00.000Z,usamaahmed#9991,Monknot#4705,for helping me out and dealing with my stupidity. ,1.0,8.0,144,,,,False,False,False,liviade#1387,Yineisy Mota#1449,mafer_cordovas#1034,51.0,143.0
241,62c5f7dd262dbd2259e42a5a,2022-04-03T22:00:00.000Z,markop#2007,iviangita#3204,for their support in Commons Stack graphics and POAPs ,8.0,144.0,1,,,,False,False,False,liviade#1387,Yineisy Mota#1449,mafer_cordovas#1034,51.0,143.0
194,62c5f7dd262dbd2259e42a2b,2022-03-20T23:00:00.000Z,mafer_cordovas#1034,hanners717#2022,"for being an awesome companion in EthRio, really, truly dedicated to expanding the vision of Common Stack, networking, and building authentic relationships in the Web3/public good space! ",5.0,3.0,144,,,62c5f7dd262dbd2259e42a10,False,False,False,Tamarandom#9361,liviade#1387,Yineisy Mota#1449,7.47,141.0
76,62c5f7dd262dbd2259e429b5,2022-03-08T23:00:00.000Z,usamaahmed#9991,Ekeneodigwe#1502,"@griff (ğŸ’œ, ğŸ’œ) @Yineisy Mota for your warmth and love now and always ",5.0,3.0,144,,,,False,False,False,liviade#1387,Yineisy Mota#1449,mafer_cordovas#1034,50.67,141.0
28,62c5f7dd262dbd2259e42985,2022-03-06T23:00:00.000Z,Mount Manu#3530,"Griff (ğŸ’œ,ğŸ’œ)#8888",@Mount Manu for coming to Mexico city for the conference so we could meet irl for the first time! ,3.0,144.0,5,,62c5f7dd262dbd2259e42981,,False,False,False,liviade#1387,Yineisy Mota#1449,mafer_cordovas#1034,7.47,141.0
139,62c5f7dd262dbd2259e429f4,2022-03-17T23:00:00.000Z,usamaahmed#9991,Yineisy Mota#1449,"@griff (ğŸ’œ, ğŸ’œ) @The Prophet Margin @irenioskamoska@Dani Dos for joining our AMA on ""Inclusion Culture in Public Goods"" today! âœ¨ ",3.0,55.0,144,,,,False,False,False,liviade#1387,Yineisy Mota#1449,mafer_cordovas#1034,67.33,141.0
167,62c5f7dd262dbd2259e42a10,2022-03-20T23:00:00.000Z,mafer_cordovas#1034,liviade#1387,for representing CS at ETH Rio! ,55.0,3.0,144,62c5f7dd262dbd2259e42a14,,,False,False,False,Tamarandom#9361,liviade#1387,Yineisy Mota#1449,50.83,141.0
180,62c5f7dd262dbd2259e42a1d,2022-03-20T23:00:00.000Z,usamaahmed#9991,Yineisy Mota#1449,for helping our community by clarifying doubts ,3.0,21.0,144,,62c5f7dd262dbd2259e42a0c,,False,False,False,liviade#1387,Yineisy Mota#1449,mafer_cordovas#1034,49.7,141.0
191,62c5f7dd262dbd2259e42a28,2022-03-20T23:00:00.000Z,mafer_cordovas#1034,hanners717#2022,"for schilling the Trusted Seed, trying to recruit new memebers! ",5.0,3.0,144,,,62c5f7dd262dbd2259e42a10,False,False,False,Tamarandom#9361,liviade#1387,Yineisy Mota#1449,7.47,141.0
67,62c5f7dd262dbd2259e429ac,2022-03-06T23:00:00.000Z,"Griff (ğŸ’œ,ğŸ’œ)#8888",mafer_cordovas#1034,"@Yineisy Mota @griff (ğŸ’œ, ğŸ’œ) for the assesments call this past week. Always great to sync ",3.0,8.0,144,,,,False,False,False,RachaelMalachy#5837,Yineisy Mota#1449,mafer_cordovas#1034,51.67,141.0
257,62c5f7dd262dbd2259e42a6a,2022-04-03T22:00:00.000Z,solsista#5370,"Griff (ğŸ’œ,ğŸ’œ)#8888",for the amazing evolution of Omega. Can't wait to see the Consilience Library begin to bloom ,3.0,8.0,144,,,,False,False,False,RachaelMalachy#5837,Yineisy Mota#1449,mafer_cordovas#1034,51.67,141.0
219,62c5f7dd262dbd2259e42a44,2022-03-30T22:00:00.000Z,usamaahmed#9991,Yineisy Mota#1449,for today's Twitter sync! Thanks for helping with content creation and review! âœ¨ ,5.0,8.0,144,,,,False,False,False,liviade#1387,Yineisy Mota#1449,mafer_cordovas#1034,52.33,139.0
251,62c5f7dd262dbd2259e42a64,2022-04-03T22:00:00.000Z,"sem(ğŸŒ¸,ğŸ)#0161",mafer_cordovas#1034,for teaching me about tokenomics and DAO Devs until 2am almost every day. ,13.0,144.0,5,,,,False,False,False,liviade#1387,mafer_cordovas#1034,usamaahmed#9991,54.0,139.0
259,62c5f7dd262dbd2259e42a6c,2022-04-03T22:00:00.000Z,Rohit Malekar#7021,liviade#1387,@Rohit Malekar for his support with bizdev for CS and GM ,5.0,21.0,144,,,,False,False,False,RachaelMalachy#5837,Yineisy Mota#1449,mafer_cordovas#1034,56.67,139.0
81,62c5f7dd262dbd2259e429ba,2022-03-08T23:00:00.000Z,mafer_cordovas#1034,acidlazzer#5796,"@Yineisy Mota @griff (ğŸ’œ, ğŸ’œ) for the two praise quant sessions ",5.0,5.0,144,,,,False,False,False,Tamarandom#9361,liviade#1387,Yineisy Mota#1449,51.33,139.0
87,62c5f7dd262dbd2259e429c0,2022-03-08T23:00:00.000Z,acidlazzer#5796,acidlazzer#5796,@Yineisy Mota for almost 8 hours of praise quant ğŸ˜±ğŸ˜±ğŸ˜± ,5.0,144.0,144,,,,False,False,False,liviade#1387,Yineisy Mota#1449,mafer_cordovas#1034,97.67,139.0
3,62c5f7dd262dbd2259e4296c,2022-03-06T23:00:00.000Z,Ekeneodigwe#1502,iviangita#3204,for all of his contributions to CS Comms and the great vibes he brings to the team ,13.0,5.0,144,,,,False,False,False,RachaelMalachy#5837,Yineisy Mota#1449,mafer_cordovas#1034,54.0,139.0
90,62c5f7dd262dbd2259e429c3,2022-03-08T23:00:00.000Z,mafer_cordovas#1034,thiago.rossi#1714,"@Yineisy Mota @griff (ğŸ’œ, ğŸ’œ) and for all the praise quant work done! Our community is better with you ğŸ’š ",5.0,5.0,144,,,62c5f7dd262dbd2259e429ba,False,False,False,Tamarandom#9361,liviade#1387,Yineisy Mota#1449,8.13,139.0
96,62c5f7dd262dbd2259e429c9,2022-03-08T23:00:00.000Z,mafer_cordovas#1034,Yineisy Mota#1449,"and @griff (ğŸ’œ, ğŸ’œ) for almost 8 hours of praise Quant! Thank you for helping us with this process and suggesting me some good playlists for the party ğŸ‰ ",5.0,9.7,144,,,62c5f7dd262dbd2259e429ba,False,False,False,Tamarandom#9361,liviade#1387,Yineisy Mota#1449,9.7,139.0
276,62c5f7dd262dbd2259e42a7d,2022-04-04T22:00:00.000Z,JessicaZartler#2263,Yineisy Mota#1449,for kindly providing me with useful information and memes related to degen to regen! ,5.0,144.0,34,,,,False,False,False,RachaelMalachy#5837,mafer_cordovas#1034,usamaahmed#9991,61.0,139.0
165,62c5f7dd262dbd2259e42a0e,2022-03-20T23:00:00.000Z,JessicaZartler#2263,thiago.rossi#1714,for separating some time for our 1:1 regarding the Regen Partnership! She always gives me valuable thoughts and gives me a lot to think of ğŸ¤© ,5.0,144.0,55,,,,False,False,False,RachaelMalachy#5837,mafer_cordovas#1034,usamaahmed#9991,68.0,139.0
245,62c5f7dd262dbd2259e42a5e,2022-04-03T22:00:00.000Z,alexsotodigital#7208,mafer_cordovas#1034,for coming to our server to learn about our community and work. Hope to see you participating at the Commons Prize! ,5.0,144.0,21,,,,False,False,False,RachaelMalachy#5837,mafer_cordovas#1034,usamaahmed#9991,56.67,139.0
193,62c5f7dd262dbd2259e42a2a,2022-03-20T23:00:00.000Z,mafer_cordovas#1034,hanners717#2022,for advising a hackathon project at EthRio! ,13.0,5.0,144,,,62c5f7dd262dbd2259e42a10,False,False,False,Tamarandom#9361,liviade#1387,Yineisy Mota#1449,10.8,139.0
234,62c5f7dd262dbd2259e42a53,2022-04-03T22:00:00.000Z,JeffEmmett#7202,Tamarandom#9361,for sharing thoughtful ideas in the nomination form. Your way with wording is so clean and concise. ğŸ™ğŸ½ ,8.0,144.0,5,,,,False,False,False,RachaelMalachy#5837,mafer_cordovas#1034,usamaahmed#9991,52.33,139.0
246,62c5f7dd262dbd2259e42a5f,2022-04-03T22:00:00.000Z,heater#9765,"Griff (ğŸ’œ,ğŸ’œ)#8888",for setting up the cadCAD Study Group! Very needed! ,8.0,144.0,21,,,,False,False,False,RachaelMalachy#5837,mafer_cordovas#1034,usamaahmed#9991,57.67,136.0
217,62c5f7dd262dbd2259e42a42,2022-03-28T22:00:00.000Z,alexsotodigital#7208,mafer_cordovas#1034,por el excelente onboarding y tu trabajo en governance en Mexico. Un gustazo conocerte y tenerte en nuestra comunidad ğŸŒ± ,13.0,144.0,8,,,,False,False,False,RachaelMalachy#5837,mafer_cordovas#1034,usamaahmed#9991,55.0,136.0
100,62c5f7dd262dbd2259e429cd,2022-03-13T23:00:00.000Z,Jeremy&TheGospelOfChange#8201,Tamarandom#9361,for spending about an hour with me on Sunday talking through the Commons Stack proposal for Giveth and for taking on quarterbacking that through to the goal line. ğŸ˜‰ ,8.0,144.0,34,,,,False,False,False,liviade#1387,mafer_cordovas#1034,usamaahmed#9991,62.0,136.0
53,62c5f7dd262dbd2259e4299e,2022-03-06T23:00:00.000Z,usamaahmed#9991,Yineisy Mota#1449,"for helping me with CS February newsletter (drafting, ideas, and proofreading) you rock! ",8.0,13.0,144,,,,False,False,False,liviade#1387,Yineisy Mota#1449,mafer_cordovas#1034,55.0,136.0
242,62c5f7dd262dbd2259e42a5b,2022-04-03T22:00:00.000Z,akrtws (TE Academy)#4246,liviade#1387,@akrtws (TE Academy) @pat.zip (TE Academy) for the 900+ sign ups for the TE bachelor program! ,55.0,8.0,144,,,,False,False,False,liviade#1387,Yineisy Mota#1449,mafer_cordovas#1034,69.0,136.0
88,62c5f7dd262dbd2259e429c1,2022-03-08T23:00:00.000Z,acidlazzer#5796,thiago.rossi#1714,"@Yineisy Mota @griff (ğŸ’œ, ğŸ’œ) and for all the praise quant work done! Our community is better with you ğŸ’š ",8.0,144.0,21,,62c5f7dd262dbd2259e429c0,,False,False,False,liviade#1387,Yineisy Mota#1449,mafer_cordovas#1034,14.47,136.0
235,62c5f7dd262dbd2259e42a54,2022-04-03T22:00:00.000Z,thiago.rossi#1714,"Griff (ğŸ’œ,ğŸ’œ)#8888","for setting up all the regen partnership work, 500k REGEN Acquired! ",89.0,8.0,144,,,,False,False,False,RachaelMalachy#5837,Tamarandom#9361,usamaahmed#9991,80.33,136.0
86,62c5f7dd262dbd2259e429bf,2022-03-08T23:00:00.000Z,mafer_cordovas#1034,acidlazzer#5796,@Yineisy Mota for almost 8 hours of praise quant ğŸ˜±ğŸ˜±ğŸ˜± ,8.0,9.0,144,,62c5f7dd262dbd2259e429c9,62c5f7dd262dbd2259e429ba,False,False,False,Tamarandom#9361,liviade#1387,Yineisy Mota#1449,7.79,136.0
82,62c5f7dd262dbd2259e429bb,2022-03-08T23:00:00.000Z,"Griff (ğŸ’œ,ğŸ’œ)#8888",acidlazzer#5796,"@Yineisy Mota @griff (ğŸ’œ, ğŸ’œ) for the two praise quant sessions ",8.0,144.0,21,,62c5f7dd262dbd2259e429ca,,False,False,False,RachaelMalachy#5837,Yineisy Mota#1449,mafer_cordovas#1034,14.47,136.0
133,62c5f7dd262dbd2259e429ee,2022-03-17T23:00:00.000Z,Oyealmond#7049,"Griff (ğŸ’œ,ğŸ’œ)#8888","for being a hero and getting Onallee in the AMA on her computer, seriously, epic improv action to save the day! ",8.0,34.0,144,,62c5f7dd262dbd2259e429f1,,False,False,False,RachaelMalachy#5837,Yineisy Mota#1449,mafer_cordovas#1034,51.8,136.0
0,62c5f7dd262dbd2259e42969,2022-03-06T23:00:00.000Z,ElCelaya#5849,iviangita#3204,for editing the Trusted Seed Spotlight video ,21.0,144.0,8,,,,False,False,False,liviade#1387,mafer_cordovas#1034,usamaahmed#9991,57.67,136.0
34,62c5f7dd262dbd2259e4298b,2022-03-06T23:00:00.000Z,usamaahmed#9991,Yineisy Mota#1449,for helping me research and categorize which organizations we should highlight for our inclusion month. ,8.0,13.0,144,,,,False,False,False,liviade#1387,Yineisy Mota#1449,mafer_cordovas#1034,55.0,136.0
14,62c5f7dd262dbd2259e42977,2022-03-06T23:00:00.000Z,ygg_anderson#4998,"Griff (ğŸ’œ,ğŸ’œ)#8888",and everyone else helping to push the reward system forward... it is probably the most important piece we have to make economic games around Public Goods ,8.0,144.0,13,,,,False,False,False,liviade#1387,mafer_cordovas#1034,usamaahmed#9991,55.0,136.0
36,62c5f7dd262dbd2259e4298d,2022-03-06T23:00:00.000Z,acidlazzer#5796,mafer_cordovas#1034,"@Mount Manu @griff (ğŸ’œ, ğŸ’œ) for the TS representation at the DAOist Mexico ",8.0,144.0,8,,,,False,False,False,liviade#1387,Yineisy Mota#1449,mafer_cordovas#1034,53.33,136.0
11,62c5f7dd262dbd2259e42974,2022-03-06T23:00:00.000Z,Vyvy-vi#5040,"Griff (ğŸ’œ,ğŸ’œ)#8888",and everyone else helping to push the reward system forward... it is probably the most important piece we have to make economic games around Public Goods ,8.0,144.0,144,,,,False,False,False,liviade#1387,Yineisy Mota#1449,mafer_cordovas#1034,98.67,136.0
20,62c5f7dd262dbd2259e4297d,2022-03-06T23:00:00.000Z,Mount Manu#3530,Yineisy Mota#1449,@Mount Manu for all the good work during the DAOist Mexico ,13.0,144.0,13,,,,False,False,False,liviade#1387,Yineisy Mota#1449,mafer_cordovas#1034,56.67,131.0
62,62c5f7dd262dbd2259e429a7,2022-03-06T23:00:00.000Z,Rodricast#1415,"Griff (ğŸ’œ,ğŸ’œ)#8888",for making the most beautiful commons stack slides i have ever had the honor of using ,13.0,55.0,144,,,,False,False,False,RachaelMalachy#5837,Tamarandom#9361,Yineisy Mota#1449,70.67,131.0
184,62c5f7dd262dbd2259e42a21,2022-03-20T23:00:00.000Z,ahmad#7204,"Griff (ğŸ’œ,ğŸ’œ)#8888","for all the great hiring work that they have done to help us find Usama, and our next fundraising leads! (2 are on trial months now!) ",13.0,144.0,34,,,,False,False,False,RachaelMalachy#5837,Yineisy Mota#1449,mafer_cordovas#1034,63.67,131.0
69,62c5f7dd262dbd2259e429ae,2022-03-06T23:00:00.000Z,usamaahmed#9991,"Griff (ğŸ’œ,ğŸ’œ)#8888",for the AWESOME research done on the ABC article ,13.0,144.0,144,,,,False,False,False,liviade#1387,Yineisy Mota#1449,mafer_cordovas#1034,100.33,131.0
70,62c5f7dd262dbd2259e429af,2022-03-06T23:00:00.000Z,kristofer#1475,Tamarandom#9361,for moving forward with the Trusted Seed dashboard work every week. ,13.0,56.67,144,,,,False,False,False,Tamarandom#9361,liviade#1387,Yineisy Mota#1449,71.22,131.0
174,62c5f7dd262dbd2259e42a17,2022-03-20T23:00:00.000Z,kristofer#1475,"Griff (ğŸ’œ,ğŸ’œ)#8888","for the incredible work managing the trusted seed dashboard, a lot of cat herding is Finally about to pay off! ",13.0,56.0,144,,62c5f7dd262dbd2259e429af,62c5f7dd262dbd2259e429af,False,False,False,Tamarandom#9361,liviade#1387,Yineisy Mota#1449,11.02,131.0
37,62c5f7dd262dbd2259e4298e,2022-03-06T23:00:00.000Z,mateodaza#3156,mafer_cordovas#1034,"@Mount Manu @griff (ğŸ’œ, ğŸ’œ) for the TS representation at the DAOist Mexico ",78.5,144.0,13,,,,False,False,False,liviade#1387,Yineisy Mota#1449,mafer_cordovas#1034,78.5,131.0
38,62c5f7dd262dbd2259e4298f,2022-03-06T23:00:00.000Z,karmaticacid | AFK til Sept 12#1218,mafer_cordovas#1034,"@Mount Manu @griff (ğŸ’œ, ğŸ’œ) for the TS representation at the DAOist Mexico ",55.0,13.0,144,,,62c5f7dd262dbd2259e4296e,False,False,False,RachaelMalachy#5837,Tamarandom#9361,Yineisy Mota#1449,27.47,131.0
22,62c5f7dd262dbd2259e4297f,2022-03-06T23:00:00.000Z,karmaticacid | AFK til Sept 12#1218,Tamarandom#9361,"@griff (ğŸ’œ, ğŸ’œ) @Mount Manu and all of those representing the Commons Stack, Giveth, the TEC and regen initiatives in Mexico City last weekend. ",55.0,13.0,144,62c5f7dd262dbd2259e4298f,,62c5f7dd262dbd2259e4296e,False,False,False,RachaelMalachy#5837,Tamarandom#9361,Yineisy Mota#1449,10.97,131.0
24,62c5f7dd262dbd2259e42981,2022-03-06T23:00:00.000Z,Mount Manu#3530,Tamarandom#9361,"@griff (ğŸ’œ, ğŸ’œ) @Mount Manu and all of those representing the Commons Stack, Giveth, the TEC and regen initiatives in Mexico City last weekend. ",17.0,144.0,13,62c5f7dd262dbd2259e4298c,,,False,False,False,liviade#1387,Yineisy Mota#1449,mafer_cordovas#1034,52.92,131.0
97,62c5f7dd262dbd2259e429ca,2022-03-08T23:00:00.000Z,"Griff (ğŸ’œ,ğŸ’œ)#8888",Yineisy Mota#1449,"and @griff (ğŸ’œ, ğŸ’œ) for almost 8 hours of praise Quant! Thank you for helping us with this process and suggesting me some good playlists for the party ğŸ‰ ",21.0,144.0,13,,,,False,False,False,RachaelMalachy#5837,Yineisy Mota#1449,mafer_cordovas#1034,59.33,131.0
31,62c5f7dd262dbd2259e42988,2022-03-06T23:00:00.000Z,usamaahmed#9991,iviangita#3204,@Yineisy Mota for supporting comms and Twitter ,13.0,13.0,144,,,,False,False,False,liviade#1387,Yineisy Mota#1449,mafer_cordovas#1034,56.67,131.0
93,62c5f7dd262dbd2259e429c6,2022-03-08T23:00:00.000Z,acidlazzer#5796,Yineisy Mota#1449,"and @griff (ğŸ’œ, ğŸ’œ) for almost 8 hours of praise Quant! Thank you for helping us with this process and suggesting me some good playlists for the party ğŸ‰ ",13.0,144.0,144,,62c5f7dd262dbd2259e429c0,,False,False,False,liviade#1387,Yineisy Mota#1449,mafer_cordovas#1034,57.13,131.0
27,62c5f7dd262dbd2259e42984,2022-03-06T23:00:00.000Z,mateodaza#3156,Tamarandom#9361,"@griff (ğŸ’œ, ğŸ’œ) @Mount Manu and all of those representing the Commons Stack, Giveth, the TEC and regen initiatives in Mexico City last weekend. ",78.0,144.0,13,62c5f7dd262dbd2259e4298e,,,False,False,False,liviade#1387,Yineisy Mota#1449,mafer_cordovas#1034,54.95,131.0
13,62c5f7dd262dbd2259e42976,2022-03-06T23:00:00.000Z,Nuggan#5183,"Griff (ğŸ’œ,ğŸ’œ)#8888",and everyone else helping to push the reward system forward... it is probably the most important piece we have to make economic games around Public Goods ,13.0,144.0,13,,,,False,False,False,liviade#1387,mafer_cordovas#1034,usamaahmed#9991,56.67,131.0
185,62c5f7dd262dbd2259e42a22,2022-03-20T23:00:00.000Z,freshelle#9882,"Griff (ğŸ’œ,ğŸ’œ)#8888","for all the great hiring work that they have done to help us find Usama, and our next fundraising leads! (2 are on trial months now!) ",21.0,13.0,144,,,,False,False,False,RachaelMalachy#5837,Tamarandom#9361,Yineisy Mota#1449,59.33,131.0
10,62c5f7dd262dbd2259e42973,2022-03-06T23:00:00.000Z,divine_comedian#5493,"Griff (ğŸ’œ,ğŸ’œ)#8888",and everyone else helping to push the reward system forward... it is probably the most important piece we have to make economic games around Public Goods ,34.0,13.0,144,,,,False,False,False,Tamarandom#9361,liviade#1387,Yineisy Mota#1449,63.67,131.0
258,62c5f7dd262dbd2259e42a6b,2022-04-03T22:00:00.000Z,ElCelaya#5849,iviangita#3204,for the post-production of the Trusted Seed Spotlight video ,13.0,144.0,13,,62c5f7dd262dbd2259e42969,,False,False,False,liviade#1387,mafer_cordovas#1034,usamaahmed#9991,13.47,131.0
270,62c5f7dd262dbd2259e42a77,2022-04-03T22:00:00.000Z,kristofer#1475,Yineisy Mota#1449,for always putting out amazingly detailed work with the Praise system! ,55.0,13.0,144,,,62c5f7dd262dbd2259e42971,False,False,False,Tamarandom#9361,liviade#1387,Yineisy Mota#1449,27.47,131.0
256,62c5f7dd262dbd2259e42a69,2022-04-03T22:00:00.000Z,mafer_cordovas#1034,Tamarandom#9361,for sharing the work of the Trusted Seed  in conferences across South America and Europe. ğŸŒ ,89.0,13.0,144,,,62c5f7dd262dbd2259e42a10,False,False,False,Tamarandom#9361,liviade#1387,Yineisy Mota#1449,38.8,131.0
91,62c5f7dd262dbd2259e429c4,2022-03-08T23:00:00.000Z,"Griff (ğŸ’œ,ğŸ’œ)#8888",thiago.rossi#1714,"@Yineisy Mota @griff (ğŸ’œ, ğŸ’œ) and for all the praise quant work done! Our community is better with you ğŸ’š ",13.0,144.0,34,,62c5f7dd262dbd2259e429ca,,False,False,False,RachaelMalachy#5837,Yineisy Mota#1449,mafer_cordovas#1034,20.47,131.0
9,62c5f7dd262dbd2259e42972,2022-03-06T23:00:00.000Z,liviade#1387,"Griff (ğŸ’œ,ğŸ’œ)#8888",and everyone else helping to push the reward system forward... it is probably the most important piece we have to make economic games around Public Goods ,13.0,144.0,34,,,,False,False,False,RachaelMalachy#5837,mafer_cordovas#1034,usamaahmed#9991,63.67,131.0
35,62c5f7dd262dbd2259e4298c,2022-03-06T23:00:00.000Z,Mount Manu#3530,mafer_cordovas#1034,"@Mount Manu @griff (ğŸ’œ, ğŸ’œ) for the TS representation at the DAOist Mexico ",17.7,144.0,21,,62c5f7dd262dbd2259e4297d,,False,False,False,liviade#1387,Yineisy Mota#1449,mafer_cordovas#1034,17.7,126.3
1,62c5f7dd262dbd2259e4296a,2022-03-06T23:00:00.000Z,chuygarcia.eth#6692,liviade#1387,for organizing the DAOist Mexico!! ,144.0,19.0,55,,62c5f7dd262dbd2259e4297a,,False,False,False,Tamarandom#9361,liviade#1387,usamaahmed#9991,66.99,125.0
252,62c5f7dd262dbd2259e42a65,2022-04-03T22:00:00.000Z,anna-marie#8824,Tamarandom#9361,for organizing the Regens Unite event in Brussels and bringing together a community who have mission and values aligned. These events and spaces are where the magic happens. ,21.0,89.0,144,,,,False,False,False,RachaelMalachy#5837,Tamarandom#9361,Yineisy Mota#1449,84.67,123.0
98,62c5f7dd262dbd2259e429cb,2022-03-10T23:00:00.000Z,hanners717#2022,Tamarandom#9361,"for driving my daughters and I from Breckenridge to Devner when one of them was sick with a terrible migraine. That really meant so much to all of us. Thank you, thank you, thank you. ",21.0,21.0,144,,,,False,False,False,RachaelMalachy#5837,Tamarandom#9361,usamaahmed#9991,62.0,123.0
8,62c5f7dd262dbd2259e42971,2022-03-06T23:00:00.000Z,kristofer#1475,"Griff (ğŸ’œ,ğŸ’œ)#8888",and everyone else helping to push the reward system forward... it is probably the most important piece we have to make economic games around Public Goods ,144.0,21.0,144,,,,False,False,False,Tamarandom#9361,liviade#1387,Yineisy Mota#1449,103.0,123.0
189,62c5f7dd262dbd2259e42a26,2022-03-20T23:00:00.000Z,"Griff (ğŸ’œ,ğŸ’œ)#8888",usamaahmed#9991,"@griff (ğŸ’œ, ğŸ’œ) for such an excellent talk regarding Collaborative economics at the DAOist CDMX ",21.0,144.0,144,,62c5f7dd262dbd2259e4296d,,False,False,False,RachaelMalachy#5837,Yineisy Mota#1449,mafer_cordovas#1034,59.8,123.0
186,62c5f7dd262dbd2259e42a23,2022-03-20T23:00:00.000Z,"sem(ğŸŒ¸,ğŸ)#0161","Griff (ğŸ’œ,ğŸ’œ)#8888","@sem  ğŸ for all the work on Unbreakable Vows, this will be really cool and useful for us when it gets done! ",21.0,144.0,21,,,,False,False,False,liviade#1387,mafer_cordovas#1034,usamaahmed#9991,62.0,123.0
181,62c5f7dd262dbd2259e42a1e,2022-03-20T23:00:00.000Z,Niran | Panvala#9353,liviade#1387,@Niran | Panvala for his continuous panvala stewardship that benefits so many projects specially during gitcoin rounds ,21.0,144.0,21,,,,False,False,False,liviade#1387,Yineisy Mota#1449,mafer_cordovas#1034,62.0,123.0
243,62c5f7dd262dbd2259e42a5c,2022-04-03T22:00:00.000Z,pat.zip (TE Academy)#5266,liviade#1387,@akrtws (TE Academy) @pat.zip (TE Academy) for the 900+ sign ups for the TE bachelor program! ,21.0,144.0,55,,,,False,False,False,liviade#1387,mafer_cordovas#1034,usamaahmed#9991,73.33,123.0
5,62c5f7dd262dbd2259e4296e,2022-03-06T23:00:00.000Z,karmaticacid | AFK til Sept 12#1218,liviade#1387,"@griff (ğŸ’œ, ğŸ’œ) for representing Commons Stack and Giveth at the DAOist ",55.0,34.0,144,62c5f7dd262dbd2259e4298f,,,False,False,False,RachaelMalachy#5837,Tamarandom#9361,Yineisy Mota#1449,61.17,110.0
40,62c5f7dd262dbd2259e42991,2022-03-06T23:00:00.000Z,divine_comedian#5493,mafer_cordovas#1034,"@Mount Manu @griff (ğŸ’œ, ğŸ’œ) for the TS representation at the DAOist Mexico ",34.0,89.0,144,,,,False,False,False,Tamarandom#9361,liviade#1387,Yineisy Mota#1449,89.0,110.0
238,62c5f7dd262dbd2259e42a57,2022-04-03T22:00:00.000Z,kristofer#1475,Tamarandom#9361,for sharing vision for Praise and a product and untangling some of the business / operational parts of how we can help other communities deploy to their own DAOs. ,55.0,34.0,144,,,62c5f7dd262dbd2259e42971,False,False,False,Tamarandom#9361,liviade#1387,Yineisy Mota#1449,34.47,110.0
21,62c5f7dd262dbd2259e4297e,2022-03-06T23:00:00.000Z,"Griff (ğŸ’œ,ğŸ’œ)#8888",Tamarandom#9361,"@griff (ğŸ’œ, ğŸ’œ) @Mount Manu and all of those representing the Commons Stack, Giveth, the TEC and regen initiatives in Mexico City last weekend. ",55.0,34.0,144,62c5f7dd262dbd2259e4296d,,62c5f7dd262dbd2259e4296d,False,False,False,RachaelMalachy#5837,Yineisy Mota#1449,mafer_cordovas#1034,17.97,110.0
26,62c5f7dd262dbd2259e42983,2022-03-06T23:00:00.000Z,divine_comedian#5493,Tamarandom#9361,"@griff (ğŸ’œ, ğŸ’œ) @Mount Manu and all of those representing the Commons Stack, Giveth, the TEC and regen initiatives in Mexico City last weekend. ",34.0,89.0,144,,62c5f7dd262dbd2259e42991,62c5f7dd262dbd2259e42991,False,False,False,Tamarandom#9361,liviade#1387,Yineisy Mota#1449,19.1,110.0
272,62c5f7dd262dbd2259e42a79,2022-04-03T22:00:00.000Z,dan13ram#7722,"Griff (ğŸ’œ,ğŸ’œ)#8888",for going above and beyond and installing a content management system on top of the Trusted Seed Dashboard.. what a hero! ,34.0,144.0,144,,,,False,False,False,RachaelMalachy#5837,Yineisy Mota#1449,mafer_cordovas#1034,107.33,110.0
39,62c5f7dd262dbd2259e42990,2022-03-06T23:00:00.000Z,"Griff (ğŸ’œ,ğŸ’œ)#8888",mafer_cordovas#1034,"@Mount Manu @griff (ğŸ’œ, ğŸ’œ) for the TS representation at the DAOist Mexico ",55.0,144.0,144,62c5f7dd262dbd2259e4296d,62c5f7dd262dbd2259e4296d,62c5f7dd262dbd2259e4296d,False,False,False,RachaelMalachy#5837,Yineisy Mota#1449,mafer_cordovas#1034,11.43,89.0
273,62c5f7dd262dbd2259e42a7a,2022-04-03T22:00:00.000Z,JessicaZartler#2263,Tamarandom#9361,for initiating and seeing through the the Commons Stack and Regen partnership. Her efforts led to Commons Stack being the fist ever Community Staking DAO on the Regen Ledger. This is monumental! ,55.0,144.0,55,,,,False,False,False,RachaelMalachy#5837,mafer_cordovas#1034,usamaahmed#9991,84.67,89.0
4,62c5f7dd262dbd2259e4296d,2022-03-06T23:00:00.000Z,"Griff (ğŸ’œ,ğŸ’œ)#8888",liviade#1387,"@griff (ğŸ’œ, ğŸ’œ) for representing Commons Stack and Giveth at the DAOist ",55.0,144.0,144,,,,False,False,False,RachaelMalachy#5837,Yineisy Mota#1449,mafer_cordovas#1034,114.33,89.0
163,62c5f7dd262dbd2259e42a0c,2022-03-18T23:00:00.000Z,usamaahmed#9991,mafer_cordovas#1034,for your help answering questions in discord for our community. Big hug on your way! ğŸ¤— ,5.0,21.0,89,,,,False,False,False,liviade#1387,Yineisy Mota#1449,mafer_cordovas#1034,38.33,84.0
166,62c5f7dd262dbd2259e42a0f,2022-03-20T23:00:00.000Z,usamaahmed#9991,"Griff (ğŸ’œ,ğŸ’œ)#8888",for his patience with me around editing the ABC part 2 doc ,5.0,89.0,89,,,,False,False,False,liviade#1387,Yineisy Mota#1449,mafer_cordovas#1034,61.0,84.0
169,62c5f7dd262dbd2259e42a12,2022-03-20T23:00:00.000Z,hanners717#2022,liviade#1387,for representing CS at ETH Rio! ,13.0,8.0,89,,62c5f7dd262dbd2259e42a16,,False,False,False,RachaelMalachy#5837,Tamarandom#9361,usamaahmed#9991,34.27,81.0
49,62c5f7dd262dbd2259e4299a,2022-03-06T23:00:00.000Z,andrej#6442,Tamarandom#9361,"and Kishore for the hackathon work they did on Deep Skills, an initiative that will benefit many web3 communities and newcomers to the space both. ",13.0,13.0,89,,,,False,False,False,Tamarandom#9361,liviade#1387,usamaahmed#9991,38.33,76.0
118,62c5f7dd262dbd2259e429df,2022-03-14T23:00:00.000Z,Tamarandom#9361,Yineisy Mota#1449,"for also guiding me, even without her realizing it, in the most important aspects of my professional and personal life. You have my admiration. ",21.0,34.0,89,,,,False,False,False,RachaelMalachy#5837,mafer_cordovas#1034,usamaahmed#9991,48.0,68.0
95,62c5f7dd262dbd2259e429c8,2022-03-08T23:00:00.000Z,bustavo#8085,Yineisy Mota#1449,"and @griff (ğŸ’œ, ğŸ’œ) for almost 8 hours of praise Quant! Thank you for helping us with this process and suggesting me some good playlists for the party ğŸ‰ ",84.0,144.0,144,62c5f7dd262dbd2259e429bc,62c5f7dd262dbd2259e429bc,,False,False,False,liviade#1387,Yineisy Mota#1449,mafer_cordovas#1034,55.62,60.0
92,62c5f7dd262dbd2259e429c5,2022-03-08T23:00:00.000Z,bustavo#8085,thiago.rossi#1714,"@Yineisy Mota @griff (ğŸ’œ, ğŸ’œ) and for all the praise quant work done! Our community is better with you ğŸ’š ",84.0,144.0,89,62c5f7dd262dbd2259e429bc,62c5f7dd262dbd2259e429bc,62c5f7dd262dbd2259e429bc,False,False,False,liviade#1387,Yineisy Mota#1449,mafer_cordovas#1034,10.59,60.0
83,62c5f7dd262dbd2259e429bc,2022-03-08T23:00:00.000Z,bustavo#8085,acidlazzer#5796,"@Yineisy Mota @griff (ğŸ’œ, ğŸ’œ) for the two praise quant sessions ",84.67,144.0,89,,,,False,False,False,liviade#1387,Yineisy Mota#1449,mafer_cordovas#1034,105.89,59.33
66,62c5f7dd262dbd2259e429ab,2022-03-06T23:00:00.000Z,pat.zip (TE Academy)#5266,Tamarandom#9361,for presenting the Token Engineering Academy at the DAOist Mexico over the weekend and spreading the good word. ,34.0,89.0,34,,,,False,False,False,liviade#1387,mafer_cordovas#1034,usamaahmed#9991,52.33,55.0
207,62c5f7dd262dbd2259e42a38,2022-03-25T23:00:00.000Z,Yineisy Mota#1449,freshelle#9882,@KZ Flyer @Michel Bauwens @T Wells @Yineisy Mota  for mentioning or retweeting Commons Stack on the socials the past week! Thank you for helping us grow the Commons Stack community and spreading the message! ğŸ™ğŸ¼ğŸŒ± ,3.0,1.0,55,,,,False,False,False,RachaelMalachy#5837,Tamarandom#9361,usamaahmed#9991,19.67,54.0
269,62c5f7dd262dbd2259e42a76,2022-04-03T22:00:00.000Z,Yineisy Mota#1449,"Griff (ğŸ’œ,ğŸ’œ)#8888",@Yineisy Mota for setting up an awesome hubspot form for the Commons Prize! ,13.0,1.0,55,62c5f7dd262dbd2259e42a5d,,62c5f7dd262dbd2259e42a75,False,False,False,RachaelMalachy#5837,Tamarandom#9361,usamaahmed#9991,2.6,54.0
138,62c5f7dd262dbd2259e429f3,2022-03-17T23:00:00.000Z,mafer_cordovas#1034,Yineisy Mota#1449,"@griff (ğŸ’œ, ğŸ’œ) @The Prophet Margin @irenioskamoska@Dani Dos for joining our AMA on ""Inclusion Culture in Public Goods"" today! âœ¨ ",1.0,1.0,55,,,,False,False,False,Tamarandom#9361,liviade#1387,Yineisy Mota#1449,19.0,54.0
41,62c5f7dd262dbd2259e42992,2022-03-06T23:00:00.000Z,danielo#2815,Tamarandom#9361,for reaching out and for our conversation which ended too short. There is clearly a lot of overlap in interests and communities that we uncovered. Trusted Seed membership tends to bring together those with aligned interestes. ,8.0,3.0,55,,,,False,False,False,RachaelMalachy#5837,Tamarandom#9361,Yineisy Mota#1449,22.0,52.0
89,62c5f7dd262dbd2259e429c2,2022-03-08T23:00:00.000Z,Yineisy Mota#1449,thiago.rossi#1714,"@Yineisy Mota @griff (ğŸ’œ, ğŸ’œ) and for all the praise quant work done! Our community is better with you ğŸ’š ",5.0,5.0,55,,,62c5f7dd262dbd2259e429b9,False,False,False,RachaelMalachy#5837,Tamarandom#9361,usamaahmed#9991,5.17,50.0
274,62c5f7dd262dbd2259e42a7b,2022-04-03T22:00:00.000Z,Yineisy Mota#1449,Tamarandom#9361,@Yineisy Mota for sticking it out so long to get the Commons Prize materials live today! ,5.0,13.0,55,,,,False,False,False,RachaelMalachy#5837,Tamarandom#9361,usamaahmed#9991,24.33,50.0
85,62c5f7dd262dbd2259e429be,2022-03-08T23:00:00.000Z,Yineisy Mota#1449,acidlazzer#5796,@Yineisy Mota for almost 8 hours of praise quant ğŸ˜±ğŸ˜±ğŸ˜± ,5.0,5.0,55,62c5f7dd262dbd2259e429c2,,,False,False,False,RachaelMalachy#5837,Tamarandom#9361,usamaahmed#9991,20.17,50.0
58,62c5f7dd262dbd2259e429a3,2022-03-06T23:00:00.000Z,mafer_cordovas#1034,thiago.rossi#1714,for being an awesome buddy and supporting the Regen Partnership ,8.0,5.0,55,,,,False,False,False,Tamarandom#9361,liviade#1387,Yineisy Mota#1449,22.67,50.0
80,62c5f7dd262dbd2259e429b9,2022-03-08T23:00:00.000Z,Yineisy Mota#1449,acidlazzer#5796,"@Yineisy Mota @griff (ğŸ’œ, ğŸ’œ) for the two praise quant sessions ",8.0,5.0,55,,,,False,False,False,RachaelMalachy#5837,Tamarandom#9361,usamaahmed#9991,22.67,50.0
187,62c5f7dd262dbd2259e42a24,2022-03-20T23:00:00.000Z,liviade#1387,Yineisy Mota#1449,"for representing us during Tally's event ""DAOing It Right""! ",8.0,5.0,55,,,,False,False,False,RachaelMalachy#5837,mafer_cordovas#1034,usamaahmed#9991,22.67,50.0
116,62c5f7dd262dbd2259e429dd,2022-03-14T23:00:00.000Z,Yineisy Mota#1449,Tamarandom#9361,@Yineisy Mota for working with me for 2 hours on the Commons Interest campaign!! ,5.0,8.0,55,,,,False,False,False,RachaelMalachy#5837,Tamarandom#9361,usamaahmed#9991,22.67,50.0
44,62c5f7dd262dbd2259e42995,2022-03-06T23:00:00.000Z,Adar#8316,"Griff (ğŸ’œ,ğŸ’œ)#8888",for the really cool work pushing gratitude culture forward with Grateful Giraffes ,13.0,55.0,5,,,,False,False,False,liviade#1387,Yineisy Mota#1449,mafer_cordovas#1034,24.33,50.0
190,62c5f7dd262dbd2259e42a27,2022-03-20T23:00:00.000Z,thiago.rossi#1714,hanners717#2022,"for being the best tour guide, translator, SIM card installer in all of EthRio. I really appreciated your help, advice, and genuine care! ",13.0,5.0,55,,,,False,False,False,RachaelMalachy#5837,Tamarandom#9361,usamaahmed#9991,24.33,50.0
237,62c5f7dd262dbd2259e42a56,2022-04-03T22:00:00.000Z,Rodricast#1415,usamaahmed#9991,for such an excellent work he is doing on graphics for the ABC article. ,13.0,8.0,55,,,,False,False,False,RachaelMalachy#5837,Tamarandom#9361,Yineisy Mota#1449,25.33,47.0
23,62c5f7dd262dbd2259e42980,2022-03-06T23:00:00.000Z,Adam Stallard#5971,liviade#1387,@Adam Stallard for being super solicit to help us integrate BrightID in the TEC reward system ,13.0,8.0,55,,,,False,False,False,liviade#1387,Yineisy Mota#1449,mafer_cordovas#1034,25.33,47.0
94,62c5f7dd262dbd2259e429c7,2022-03-08T23:00:00.000Z,thiago.rossi#1714,Yineisy Mota#1449,"and @griff (ğŸ’œ, ğŸ’œ) for almost 8 hours of praise Quant! Thank you for helping us with this process and suggesting me some good playlists for the party ğŸ‰ ",13.0,8.0,55,,,,False,False,False,RachaelMalachy#5837,Tamarandom#9361,usamaahmed#9991,25.33,47.0
183,62c5f7dd262dbd2259e42a20,2022-03-20T23:00:00.000Z,hanners717#2022,"Griff (ğŸ’œ,ğŸ’œ)#8888","for all the great hiring work that they have done to help us find Usama, and our next fundraising leads! (2 are on trial months now!) ",13.0,8.0,55,,,,False,False,False,RachaelMalachy#5837,Tamarandom#9361,usamaahmed#9991,25.33,47.0
60,62c5f7dd262dbd2259e429a5,2022-03-06T23:00:00.000Z,Tamarandom#9361,thiago.rossi#1714,for being so didatic and kind as a program manager ,8.0,34.0,55,,,,False,False,False,RachaelMalachy#5837,mafer_cordovas#1034,usamaahmed#9991,32.33,47.0
12,62c5f7dd262dbd2259e42975,2022-03-06T23:00:00.000Z,MS#4235,"Griff (ğŸ’œ,ğŸ’œ)#8888",and everyone else helping to push the reward system forward... it is probably the most important piece we have to make economic games around Public Goods ,55.0,8.0,8,,,,False,False,False,Tamarandom#9361,liviade#1387,usamaahmed#9991,23.67,47.0
179,62c5f7dd262dbd2259e42a1c,2022-03-20T23:00:00.000Z,Yineisy Mota#1449,usamaahmed#9991,@Yineisy Mota for guiding me about trusted seed scholarship registration and being an excellent team player. ,8.0,8.0,55,,,,False,False,False,RachaelMalachy#5837,Tamarandom#9361,usamaahmed#9991,23.67,47.0
240,62c5f7dd262dbd2259e42a59,2022-04-03T22:00:00.000Z,Rodricast#1415,iviangita#3204,for their support in Commons Stack graphics and POAPs ,13.0,8.0,55,,,,False,False,False,RachaelMalachy#5837,Tamarandom#9361,Yineisy Mota#1449,25.33,47.0
126,62c5f7dd262dbd2259e429e7,2022-03-17T23:00:00.000Z,Tamarandom#9361,usamaahmed#9991,for answering my questions and having a wonderful conversation around different things. ,13.0,34.0,55,,,,False,False,False,RachaelMalachy#5837,mafer_cordovas#1034,usamaahmed#9991,34.0,42.0
19,62c5f7dd262dbd2259e4297c,2022-03-06T23:00:00.000Z,chuygarcia.eth#6692,Yineisy Mota#1449,@Mount Manu for all the good work during the DAOist Mexico ,34.0,13.0,55,,,62c5f7dd262dbd2259e4296a,False,False,False,Tamarandom#9361,liviade#1387,usamaahmed#9991,17.5,42.0
260,62c5f7dd262dbd2259e42a6d,2022-04-03T22:00:00.000Z,Zeptimus#3359,"Griff (ğŸ’œ,ğŸ’œ)#8888",for all the incredible transparency work in the TEC ,21.0,55.0,13,,,,False,False,False,liviade#1387,mafer_cordovas#1034,usamaahmed#9991,29.67,42.0
268,62c5f7dd262dbd2259e42a75,2022-04-03T22:00:00.000Z,Yineisy Mota#1449,kristofer#1475,@Yineisy Mota for making a great looking commons prize landing page! ,13.0,21.0,55,,,,False,False,False,RachaelMalachy#5837,Tamarandom#9361,usamaahmed#9991,29.67,42.0
17,62c5f7dd262dbd2259e4297a,2022-03-06T23:00:00.000Z,chuygarcia.eth#6692,"Griff (ğŸ’œ,ğŸ’œ)#8888",for throwing a great conference in mexico city ,34.0,19.75,55,,,62c5f7dd262dbd2259e4296a,False,False,False,Tamarandom#9361,liviade#1387,usamaahmed#9991,19.75,35.25
261,62c5f7dd262dbd2259e42a6e,2022-04-03T22:00:00.000Z,Tamarandom#9361,kristofer#1475,for giving relevant and wise feedback on the Praise business case ,21.0,34.0,55,,,,False,False,False,RachaelMalachy#5837,mafer_cordovas#1034,usamaahmed#9991,36.67,34.0
117,62c5f7dd262dbd2259e429de,2022-03-14T23:00:00.000Z,Tamarandom#9361,Yineisy Mota#1449,for working with me for 2 hours on the Commons Interest campaign!! ,21.0,34.0,55,,,,False,False,False,RachaelMalachy#5837,mafer_cordovas#1034,usamaahmed#9991,36.67,34.0
50,62c5f7dd262dbd2259e4299b,2022-03-06T23:00:00.000Z,Tamarandom#9361,Yineisy Mota#1449,"for helping me with CS February newsletter (drafting, ideas, and proofreading) you rock! ",21.0,34.0,55,,,,False,False,False,RachaelMalachy#5837,mafer_cordovas#1034,usamaahmed#9991,36.67,34.0
247,62c5f7dd262dbd2259e42a60,2022-04-03T22:00:00.000Z,Tamarandom#9361,liviade#1387,for all the energy she's putting in the Commons Prize communication ,21.0,34.0,55,,,,False,False,False,RachaelMalachy#5837,mafer_cordovas#1034,usamaahmed#9991,36.67,34.0
2,62c5f7dd262dbd2259e4296b,2022-03-06T23:00:00.000Z,hanners717#2022,Tamarandom#9361,"for the extraordinary efforts she has been leading in recruiting newcomers into Commons Stack, among other sister organizations. ğŸŒ± ",34.0,21.0,55,,,,False,False,False,RachaelMalachy#5837,Tamarandom#9361,usamaahmed#9991,36.67,34.0
137,62c5f7dd262dbd2259e429f2,2022-03-17T23:00:00.000Z,Juankbell#7458,Yineisy Mota#1449,"@griff (ğŸ’œ, ğŸ’œ) @The Prophet Margin @irenioskamoska@Dani Dos for joining our AMA on ""Inclusion Culture in Public Goods"" today! âœ¨ ",1.0,1.0,34,,,,False,False,False,Tamarandom#9361,liviade#1387,Yineisy Mota#1449,12.0,33.0
143,62c5f7dd262dbd2259e429f8,2022-03-17T23:00:00.000Z,Leen#8610,Yineisy Mota#1449,"@griff (ğŸ’œ, ğŸ’œ) @The Prophet Margin @irenioskamoska@Dani Dos for joining our AMA on ""Inclusion Culture in Public Goods"" today! âœ¨ ",1.0,34.0,5,,,,False,False,False,liviade#1387,Yineisy Mota#1449,mafer_cordovas#1034,13.33,33.0
144,62c5f7dd262dbd2259e429f9,2022-03-17T23:00:00.000Z,enti#1546,Yineisy Mota#1449,"@griff (ğŸ’œ, ğŸ’œ) @The Prophet Margin @irenioskamoska@Dani Dos for joining our AMA on ""Inclusion Culture in Public Goods"" today! âœ¨ ",1.0,34.0,5,,,,False,False,False,liviade#1387,Yineisy Mota#1449,mafer_cordovas#1034,13.33,33.0
146,62c5f7dd262dbd2259e429fb,2022-03-17T23:00:00.000Z,The Prophet Margin#9051,Yineisy Mota#1449,"@griff (ğŸ’œ, ğŸ’œ) @The Prophet Margin @irenioskamoska@Dani Dos for joining our AMA on ""Inclusion Culture in Public Goods"" today! âœ¨ ",1.0,5.0,34,,,,False,False,False,liviade#1387,mafer_cordovas#1034,usamaahmed#9991,13.33,33.0
131,62c5f7dd262dbd2259e429ec,2022-03-17T23:00:00.000Z,Juankbell#7458,"Griff (ğŸ’œ,ğŸ’œ)#8888",for being part of our AMA for bringing an inclusivity culture to Web3 and Public Goods ,1.0,13.0,34,,,62c5f7dd262dbd2259e429f2,False,False,False,Tamarandom#9361,liviade#1387,Yineisy Mota#1449,5.8,33.0
147,62c5f7dd262dbd2259e429fc,2022-03-17T23:00:00.000Z,mantis#6576,Yineisy Mota#1449,"@griff (ğŸ’œ, ğŸ’œ) @The Prophet Margin @irenioskamoska@Dani Dos for joining our AMA on ""Inclusion Culture in Public Goods"" today! âœ¨ ",1.0,5.0,34,,,,False,False,False,liviade#1387,mafer_cordovas#1034,usamaahmed#9991,13.33,33.0
152,62c5f7dd262dbd2259e42a01,2022-03-17T23:00:00.000Z,BiancaGadelha#2667,freshelle#9882,@Yineisy Mota @mercedesrodsimfor mentioning or retweeting Commons Stack on the socials the past week! Thank you for helping us grow the Commons Stack community and spreading the message! ğŸ™ğŸ¼ğŸŒ± ,3.0,1.0,34,,,,False,False,False,RachaelMalachy#5837,Tamarandom#9361,usamaahmed#9991,12.67,33.0
254,62c5f7dd262dbd2259e42a67,2022-04-03T22:00:00.000Z,missgene#7773,iviangita#3204,for making progress in transcribing praise from our sprint reviews ,13.0,1.0,34,,,,False,False,False,RachaelMalachy#5837,Tamarandom#9361,usamaahmed#9991,16.0,33.0
84,62c5f7dd262dbd2259e429bd,2022-03-08T23:00:00.000Z,thiago.rossi#1714,acidlazzer#5796,"@Yineisy Mota @griff (ğŸ’œ, ğŸ’œ) for the two praise quant sessions ",5.0,1.0,34,,,,False,False,False,RachaelMalachy#5837,Tamarandom#9361,usamaahmed#9991,13.33,33.0
265,62c5f7dd262dbd2259e42a72,2022-04-03T22:00:00.000Z,Max Semenchuk#3335,mafer_cordovas#1034,@Max Semenchuk for leading the TS syncs and help us organize our ideas and goals. You are a wizard ğŸ§™â€â™‚ï¸ ,13.0,1.0,34,,,62c5f7dd262dbd2259e429dc,False,False,False,RachaelMalachy#5837,Tamarandom#9361,Yineisy Mota#1449,5.8,33.0
73,62c5f7dd262dbd2259e429b2,2022-03-08T23:00:00.000Z,Yineisy Mota#1449,Ekeneodigwe#1502,"@griff (ğŸ’œ, ğŸ’œ) @Yineisy Mota for your warmth and love now and always ",8.0,1.0,34,,,,False,False,False,RachaelMalachy#5837,Tamarandom#9361,usamaahmed#9991,14.33,33.0
115,62c5f7dd262dbd2259e429dc,2022-03-14T23:00:00.000Z,Max Semenchuk#3335,Yineisy Mota#1449,"@Max Semenchuk for hosting our TS Sync today, bringing us clarity, and for just being here for us. You can count on us â¤ï¸ ",8.0,1.0,34,,,,False,False,False,RachaelMalachy#5837,Tamarandom#9361,Yineisy Mota#1449,14.33,33.0
253,62c5f7dd262dbd2259e42a66,2022-04-03T22:00:00.000Z,freshelle#9882,iviangita#3204,for dishing Twitter engagement praise every week and reaching out when she encounters issues during the process ,13.0,1.0,34,,,62c5f7dd262dbd2259e42993,False,False,False,RachaelMalachy#5837,Tamarandom#9361,Yineisy Mota#1449,5.8,33.0
129,62c5f7dd262dbd2259e429ea,2022-03-17T23:00:00.000Z,Yineisy Mota#1449,Monknot#4705,@Yineisy Mota for taking the time to answer my questions no matter how basic and trivial they were. Thank you very much! You're awesome! ,3.0,8.0,34,,,,False,False,False,RachaelMalachy#5837,Tamarandom#9361,usamaahmed#9991,15.0,31.0
71,62c5f7dd262dbd2259e429b0,2022-03-06T23:00:00.000Z,mafer_cordovas#1034,Yineisy Mota#1449,for having hawk eyes with our spreadsheets ğŸŒ± âœ¨ ,8.0,3.0,34,,,,False,False,False,Tamarandom#9361,liviade#1387,Yineisy Mota#1449,15.0,31.0
233,62c5f7dd262dbd2259e42a52,2022-04-03T22:00:00.000Z,natesuits#4789,liviade#1387,for the dedication and curiosity in the TEC Case Studies ,13.0,34.0,3,,,,False,False,False,RachaelMalachy#5837,Tamarandom#9361,usamaahmed#9991,16.67,31.0
72,62c5f7dd262dbd2259e429b1,2022-03-08T23:00:00.000Z,"Griff (ğŸ’œ,ğŸ’œ)#8888",Ekeneodigwe#1502,"@griff (ğŸ’œ, ğŸ’œ) @Yineisy Mota for your warmth and love now and always ",8.0,3.0,34,,,,False,False,False,RachaelMalachy#5837,Yineisy Mota#1449,mafer_cordovas#1034,15.0,31.0
142,62c5f7dd262dbd2259e429f7,2022-03-17T23:00:00.000Z,Tamarandom#9361,Yineisy Mota#1449,"@griff (ğŸ’œ, ğŸ’œ) @The Prophet Margin @irenioskamoska@Dani Dos for joining our AMA on ""Inclusion Culture in Public Goods"" today! âœ¨ ",3.0,34.0,21,,,,False,False,False,RachaelMalachy#5837,mafer_cordovas#1034,usamaahmed#9991,19.33,31.0
188,62c5f7dd262dbd2259e42a25,2022-03-20T23:00:00.000Z,Rodricast#1415,"Griff (ğŸ’œ,ğŸ’œ)#8888",for the incredible graphics that are always blowing my mind ,13.0,3.0,34,,,,False,False,False,RachaelMalachy#5837,Tamarandom#9361,Yineisy Mota#1449,16.67,31.0
196,62c5f7dd262dbd2259e42a2d,2022-03-21T23:00:00.000Z,natesuits#4789,Annn3#3538,for his hard work and dedication to the CS Case Studies and for being an awesome work buddy! ,13.0,34.0,3,,,,False,False,False,RachaelMalachy#5837,Tamarandom#9361,usamaahmed#9991,16.67,31.0
65,62c5f7dd262dbd2259e429aa,2022-03-06T23:00:00.000Z,Yineisy Mota#1449,mafer_cordovas#1034,"@Yineisy Mota @griff (ğŸ’œ, ğŸ’œ) for the assesments call this past week. Always great to sync ",3.0,3.0,34,,,,False,False,False,RachaelMalachy#5837,Tamarandom#9361,usamaahmed#9991,13.33,31.0
122,62c5f7dd262dbd2259e429e3,2022-03-16T23:00:00.000Z,pat.zip (TE Academy)#5266,thiago.rossi#1714,@pat.zip (TE Academy) and for the many jokes and laughs shared during EthRio ,5.0,3.0,34,,,,False,False,False,liviade#1387,mafer_cordovas#1034,usamaahmed#9991,14.0,31.0
15,62c5f7dd262dbd2259e42978,2022-03-06T23:00:00.000Z,iviangita#3204,liviade#1387,for the great comms work she's doing! ,5.0,34.0,13,,,,False,False,False,Tamarandom#9361,liviade#1387,usamaahmed#9991,17.33,29.0
136,62c5f7dd262dbd2259e429f1,2022-03-17T23:00:00.000Z,Oyealmond#7049,Yineisy Mota#1449,"@griff (ğŸ’œ, ğŸ’œ) @The Prophet Margin @irenioskamoska@Dani Dos for joining our AMA on ""Inclusion Culture in Public Goods"" today! âœ¨ ",5.0,34.0,5,,,,False,False,False,RachaelMalachy#5837,Yineisy Mota#1449,mafer_cordovas#1034,14.67,29.0
192,62c5f7dd262dbd2259e42a29,2022-03-20T23:00:00.000Z,hanners717#2022,mafer_cordovas#1034,"for a great EthRio week. Amazed by your networking skills, nighttime routines and great sense of humor. Will miss you a ton ğŸ’• ",8.0,5.0,34,,,,False,False,False,RachaelMalachy#5837,Tamarandom#9361,usamaahmed#9991,15.67,29.0
134,62c5f7dd262dbd2259e429ef,2022-03-17T23:00:00.000Z,"Griff (ğŸ’œ,ğŸ’œ)#8888",Yineisy Mota#1449,"@griff (ğŸ’œ, ğŸ’œ) @The Prophet Margin @irenioskamoska@Dani Dos for joining our AMA on ""Inclusion Culture in Public Goods"" today! âœ¨ ",5.0,34.0,8,,,,False,False,False,RachaelMalachy#5837,Yineisy Mota#1449,mafer_cordovas#1034,15.67,29.0
42,62c5f7dd262dbd2259e42993,2022-03-06T23:00:00.000Z,freshelle#9882,iviangita#3204,for her support in managing Trace and praise for Twitter engagement ,34.0,5.0,34,,,,False,False,False,RachaelMalachy#5837,Tamarandom#9361,Yineisy Mota#1449,24.33,29.0
130,62c5f7dd262dbd2259e429eb,2022-03-17T23:00:00.000Z,enti#1546,"Griff (ğŸ’œ,ğŸ’œ)#8888",for passing on a great link during the AMA ,5.0,34.0,13,,,,False,False,False,liviade#1387,Yineisy Mota#1449,mafer_cordovas#1034,17.33,29.0
68,62c5f7dd262dbd2259e429ad,2022-03-06T23:00:00.000Z,Tamarandom#9361,usamaahmed#9991,for being cooperative and helping me with the future plans. ,8.0,34.0,21,,,,False,False,False,RachaelMalachy#5837,mafer_cordovas#1034,usamaahmed#9991,21.0,26.0
74,62c5f7dd262dbd2259e429b3,2022-03-08T23:00:00.000Z,Tamarandom#9361,Ekeneodigwe#1502,"@griff (ğŸ’œ, ğŸ’œ) @Yineisy Mota for your warmth and love now and always ",8.0,34.0,34,,,,False,False,False,RachaelMalachy#5837,mafer_cordovas#1034,usamaahmed#9991,25.33,26.0
135,62c5f7dd262dbd2259e429f0,2022-03-17T23:00:00.000Z,gbaby.eth#2758,Yineisy Mota#1449,"@griff (ğŸ’œ, ğŸ’œ) @The Prophet Margin @irenioskamoska@Dani Dos for joining our AMA on ""Inclusion Culture in Public Goods"" today! âœ¨ ",14.33,34.0,8,,,,False,False,False,liviade#1387,Yineisy Mota#1449,mafer_cordovas#1034,18.78,26.0
59,62c5f7dd262dbd2259e429a4,2022-03-06T23:00:00.000Z,Tamarandom#9361,iviangita#3204,"for her wisdom and guidance in everything we do, I super appreciate you ğŸ™ğŸ½ ",8.0,34.0,8,,,,False,False,False,RachaelMalachy#5837,mafer_cordovas#1034,usamaahmed#9991,16.67,26.0
132,62c5f7dd262dbd2259e429ed,2022-03-17T23:00:00.000Z,gbaby.eth#2758,"Griff (ğŸ’œ,ğŸ’œ)#8888",for being part of our AMA for bringing an inclusivity culture to Web3 and Public Goods ,14.0,34.0,8,62c5f7dd262dbd2259e429f0,62c5f7dd262dbd2259e429f0,,False,False,False,liviade#1387,Yineisy Mota#1449,mafer_cordovas#1034,4.28,26.0
271,62c5f7dd262dbd2259e42a78,2022-04-03T22:00:00.000Z,chuygarcia.eth#6692,Yineisy Mota#1449,for helping us keep our channels safe! ,34.0,8.0,13,,,,False,False,False,Tamarandom#9361,liviade#1387,usamaahmed#9991,18.33,26.0
263,62c5f7dd262dbd2259e42a70,2022-04-03T22:00:00.000Z,Zeptimus#3359,iviangita#3204,for being a great co-steward in Transparency WG in TEC and all his efforts ,8.0,34.0,21,,,,False,False,False,liviade#1387,mafer_cordovas#1034,usamaahmed#9991,21.0,26.0
178,62c5f7dd262dbd2259e42a1b,2022-03-20T23:00:00.000Z,Tamarandom#9361,Yineisy Mota#1449,for all her guidance for the commons prize campaign ,34.0,34.0,8,,,,False,False,False,RachaelMalachy#5837,mafer_cordovas#1034,usamaahmed#9991,25.33,26.0
177,62c5f7dd262dbd2259e42a1a,2022-03-20T23:00:00.000Z,Tamarandom#9361,usamaahmed#9991,for guiding me and answering my questions around different things. ,13.0,34.0,8,62c5f7dd262dbd2259e429e7,,,False,False,False,RachaelMalachy#5837,mafer_cordovas#1034,usamaahmed#9991,14.43,26.0
172,62c5f7dd262dbd2259e42a15,2022-03-20T23:00:00.000Z,thiago.rossi#1714,Yineisy Mota#1449,for representing CS at ETH Rio! ,34.0,34.0,55,,,62c5f7dd262dbd2259e42a11,False,False,False,RachaelMalachy#5837,Tamarandom#9361,usamaahmed#9991,24.5,21.0
7,62c5f7dd262dbd2259e42970,2022-03-06T23:00:00.000Z,Yineisy Mota#1449,Tamarandom#9361,@Yineisy Mota for coordinating the release of the February newsletter. They are getting better every month. ,13.0,21.0,34,,,,False,False,False,RachaelMalachy#5837,Tamarandom#9361,usamaahmed#9991,22.67,21.0
25,62c5f7dd262dbd2259e42982,2022-03-06T23:00:00.000Z,chuygarcia.eth#6692,Tamarandom#9361,"@griff (ğŸ’œ, ğŸ’œ) @Mount Manu and all of those representing the Commons Stack, Giveth, the TEC and regen initiatives in Mexico City last weekend. ",34.0,13.0,13,,62c5f7dd262dbd2259e4297c,,False,False,False,Tamarandom#9361,liviade#1387,usamaahmed#9991,16.1,21.0
6,62c5f7dd262dbd2259e4296f,2022-03-06T23:00:00.000Z,iviangita#3204,Tamarandom#9361,@Yineisy Mota for coordinating the release of the February newsletter. They are getting better every month. ,13.0,13.0,34,,,,False,False,False,Tamarandom#9361,liviade#1387,usamaahmed#9991,20.0,21.0
56,62c5f7dd262dbd2259e429a1,2022-03-06T23:00:00.000Z,Felipe Duarte#8100,"Griff (ğŸ’œ,ğŸ’œ)#8888",@Felipe Duarte for the ground work put into TheDAOist conference series. These smaller focused gatherings are so awesome. ,55.0,55.0,34,,,,False,False,False,RachaelMalachy#5837,Tamarandom#9361,usamaahmed#9991,48.0,21.0
249,62c5f7dd262dbd2259e42a62,2022-04-03T22:00:00.000Z,Tamarandom#9361,Yineisy Mota#1449,for helping me with the coordination for the Commons Prize promotion ğŸ™‚ ,34.0,34.0,55,62c5f7dd262dbd2259e42a1b,,,False,False,False,RachaelMalachy#5837,mafer_cordovas#1034,usamaahmed#9991,30.8,21.0
46,62c5f7dd262dbd2259e42997,2022-03-06T23:00:00.000Z,hanners717#2022,thiago.rossi#1714,"@mafer_cordovas, and @griff (ğŸ’œ, ğŸ’œ) for supporting and organizing everything for ethrio ",34.0,21.0,13,,,,False,False,False,RachaelMalachy#5837,Tamarandom#9361,usamaahmed#9991,22.67,21.0
244,62c5f7dd262dbd2259e42a5d,2022-04-03T22:00:00.000Z,Yineisy Mota#1449,Tamarandom#9361,@Yineisy Mota for creating the Commons Prize nomination form! It is looking good.  ğŸŒˆ ,13.0,13.0,34,,,,False,False,False,RachaelMalachy#5837,Tamarandom#9361,usamaahmed#9991,20.0,21.0
168,62c5f7dd262dbd2259e42a11,2022-03-20T23:00:00.000Z,thiago.rossi#1714,liviade#1387,for representing CS at ETH Rio! ,34.0,34.0,55,62c5f7dd262dbd2259e42a15,62c5f7dd262dbd2259e42a15,,False,False,False,RachaelMalachy#5837,Tamarandom#9361,usamaahmed#9991,20.6,21.0
262,62c5f7dd262dbd2259e42a6f,2022-04-03T22:00:00.000Z,Tamarandom#9361,mafer_cordovas#1034,for every another 1:1 making me feel empowered to drive the Trusted Seed to be its best. ,34.0,34.0,55,,,,False,False,False,RachaelMalachy#5837,mafer_cordovas#1034,usamaahmed#9991,41.0,21.0
18,62c5f7dd262dbd2259e4297b,2022-03-06T23:00:00.000Z,Yineisy Mota#1449,usamaahmed#9991,@Yineisy Mota for coordinating with me regarding the DAO's for our inclusion month. ,13.0,13.0,34,,,,False,False,False,RachaelMalachy#5837,Tamarandom#9361,usamaahmed#9991,20.0,21.0
159,62c5f7dd262dbd2259e42a08,2022-03-17T23:00:00.000Z,thiago.rossi#1714,freshelle#9882,@Yineisy Mota @mercedesrodsimfor mentioning or retweeting Commons Stack on the socials the past week! Thank you for helping us grow the Commons Stack community and spreading the message! ğŸ™ğŸ¼ğŸŒ± ,3.0,1.0,21,,,,False,False,False,RachaelMalachy#5837,Tamarandom#9361,usamaahmed#9991,8.33,20.0
29,62c5f7dd262dbd2259e42986,2022-03-06T23:00:00.000Z,acidlazzer#5796,"Griff (ğŸ’œ,ğŸ’œ)#8888",@Mount Manu for coming to Mexico city for the conference so we could meet irl for the first time! ,1.0,21.0,8,,,,False,False,False,liviade#1387,Yineisy Mota#1449,mafer_cordovas#1034,10.0,20.0
239,62c5f7dd262dbd2259e42a58,2022-04-03T22:00:00.000Z,danielo#2815,"Griff (ğŸ’œ,ğŸ’œ)#8888","for all the work in RNDAO, it's really needed... and really heating up! ",5.0,3.0,21,,,,False,False,False,RachaelMalachy#5837,Tamarandom#9361,Yineisy Mota#1449,9.67,18.0
182,62c5f7dd262dbd2259e42a1f,2022-03-20T23:00:00.000Z,danielo#2815,liviade#1387,for a great talk on governance R&D we had last week ,5.0,3.0,21,,,,False,False,False,RachaelMalachy#5837,Tamarandom#9361,Yineisy Mota#1449,9.67,18.0
57,62c5f7dd262dbd2259e429a2,2022-03-06T23:00:00.000Z,freshelle#9882,thiago.rossi#1714,for updating my work agreement ,3.0,5.0,21,,,,False,False,False,RachaelMalachy#5837,Tamarandom#9361,Yineisy Mota#1449,9.67,18.0
123,62c5f7dd262dbd2259e429e4,2022-03-16T23:00:00.000Z,danlessa#2831,thiago.rossi#1714,@pat.zip (TE Academy) and for the many jokes and laughs shared during EthRio ,5.0,3.0,21,,,,False,False,False,RachaelMalachy#5837,Yineisy Mota#1449,mafer_cordovas#1034,9.67,18.0
63,62c5f7dd262dbd2259e429a8,2022-03-06T23:00:00.000Z,iviangita#3204,Yineisy Mota#1449,for having a great 1on1 session with me and your kind guidance  â™¥ï¸ ,8.0,5.0,21,,,,False,False,False,Tamarandom#9361,liviade#1387,usamaahmed#9991,11.33,16.0
45,62c5f7dd262dbd2259e42996,2022-03-06T23:00:00.000Z,mafer_cordovas#1034,thiago.rossi#1714,"@mafer_cordovas, and @griff (ğŸ’œ, ğŸ’œ) for supporting and organizing everything for ethrio ",21.0,5.0,13,,,,False,False,False,Tamarandom#9361,liviade#1387,Yineisy Mota#1449,13.0,16.0
64,62c5f7dd262dbd2259e429a9,2022-03-06T23:00:00.000Z,iviangita#3204,"Griff (ğŸ’œ,ğŸ’œ)#8888",for diving into the legal side of Commons Stack and holding everything down so well ,5.0,21.0,13,,,,False,False,False,Tamarandom#9361,liviade#1387,usamaahmed#9991,13.0,16.0
99,62c5f7dd262dbd2259e429cc,2022-03-10T23:00:00.000Z,bustavo#8085,Yineisy Mota#1449,for kindly participating in our Inclusion Month campaign by sharing his thoughts on Inclusion in Public Goods. ,8.0,5.0,21,,,,False,False,False,liviade#1387,Yineisy Mota#1449,mafer_cordovas#1034,11.33,16.0
173,62c5f7dd262dbd2259e42a16,2022-03-20T23:00:00.000Z,hanners717#2022,Yineisy Mota#1449,for representing CS at ETH Rio! ,13.0,8.0,21,62c5f7dd262dbd2259e42a12,,,False,False,False,RachaelMalachy#5837,Tamarandom#9361,usamaahmed#9991,10.1,13.0
275,62c5f7dd262dbd2259e42a7c,2022-04-04T22:00:00.000Z,iviangita#3204,Yineisy Mota#1449,for reviewing with me all the content pieces related to the Commons Prize! ,21.0,18.0,8,,62c5f7dd262dbd2259e42a63,,False,False,False,Tamarandom#9361,liviade#1387,usamaahmed#9991,10.28,13.0
47,62c5f7dd262dbd2259e42998,2022-03-06T23:00:00.000Z,"Griff (ğŸ’œ,ğŸ’œ)#8888",thiago.rossi#1714,"@mafer_cordovas, and @griff (ğŸ’œ, ğŸ’œ) for supporting and organizing everything for ethrio ",21.0,21.0,34,,,,False,False,False,RachaelMalachy#5837,Yineisy Mota#1449,mafer_cordovas#1034,25.33,13.0
195,62c5f7dd262dbd2259e42a2c,2022-03-21T23:00:00.000Z,Annn3#3538,natesuits#4789,"for being such a ROCK and partner in the development of the CS Case Studies.  Thank you, thank you, thank you, praise a million times. ",21.0,21.0,34,,,,False,False,False,liviade#1387,mafer_cordovas#1034,usamaahmed#9991,25.33,13.0
128,62c5f7dd262dbd2259e429e9,2022-03-17T23:00:00.000Z,thiago.rossi#1714,mafer_cordovas#1034,"for being the best roommate and bringing us cheese from Minas Gerais, translating Portuguese, and explaining the beautiful Brazilian culture ",13.0,1.0,3,,,,False,False,False,RachaelMalachy#5837,Tamarandom#9361,usamaahmed#9991,5.67,12.0
141,62c5f7dd262dbd2259e429f6,2022-03-17T23:00:00.000Z,thiago.rossi#1714,Yineisy Mota#1449,"@griff (ğŸ’œ, ğŸ’œ) @The Prophet Margin @irenioskamoska@Dani Dos for joining our AMA on ""Inclusion Culture in Public Goods"" today! âœ¨ ",5.0,1.0,13,,,,False,False,False,RachaelMalachy#5837,Tamarandom#9361,usamaahmed#9991,6.33,12.0
225,62c5f7dd262dbd2259e42a4a,2022-04-01T22:00:00.000Z,Yineisy Mota#1449,freshelle#9882,@David (please DYOR...) @Yineisy Mota @Gregory | RND  for mentioning or retweeting Commons Stack on the socials the past week! Thank you for helping us grow the Commons Stack community and spreading the message! ğŸ™ğŸ¼ğŸŒ± ,3.0,1.0,13,,,,False,False,False,RachaelMalachy#5837,Tamarandom#9361,usamaahmed#9991,5.67,12.0
55,62c5f7dd262dbd2259e429a0,2022-03-06T23:00:00.000Z,freshelle#9882,thiago.rossi#1714,and for the Happy Money Story ,8.0,1.0,13,,,,False,False,False,RachaelMalachy#5837,Tamarandom#9361,Yineisy Mota#1449,7.33,12.0
198,62c5f7dd262dbd2259e42a2f,2022-03-24T23:00:00.000Z,"sem(ğŸŒ¸,ğŸ)#0161",mafer_cordovas#1034,@sem  ğŸ for welcoming me at the Giveth house with Franco and feeding my hungry tummy. ,3.0,13.0,1,,,,False,False,False,liviade#1387,mafer_cordovas#1034,usamaahmed#9991,5.67,12.0
33,62c5f7dd262dbd2259e4298a,2022-03-06T23:00:00.000Z,ALOYSIOUS#3049,Ekeneodigwe#1502,for their contribution to the #Inclusion month ,13.0,1.0,13,,,,False,False,False,liviade#1387,Yineisy Mota#1449,mafer_cordovas#1034,9.0,12.0
48,62c5f7dd262dbd2259e42999,2022-03-06T23:00:00.000Z,freshelle#9882,thiago.rossi#1714,for being so helpful with the trace ,8.0,3.0,13,62c5f7dd262dbd2259e429a0,,,False,False,False,RachaelMalachy#5837,Tamarandom#9361,Yineisy Mota#1449,5.6,10.0
127,62c5f7dd262dbd2259e429e8,2022-03-17T23:00:00.000Z,thiago.rossi#1714,mafer_cordovas#1034,for picking me up at the airport in Rio at 3am and waiting longer than expected. ,13.0,8.0,3,,,,False,False,False,RachaelMalachy#5837,Tamarandom#9361,usamaahmed#9991,8.0,10.0
79,62c5f7dd262dbd2259e429b8,2022-03-08T23:00:00.000Z,iviangita#3204,Ekeneodigwe#1502,"@griff (ğŸ’œ, ğŸ’œ) @Yineisy Mota for your warmth and love now and always ",3.0,5.0,13,,,,False,False,False,Tamarandom#9361,liviade#1387,usamaahmed#9991,7.0,10.0
151,62c5f7dd262dbd2259e42a00,2022-03-17T23:00:00.000Z,Rohekbenitez#8753,Yineisy Mota#1449,"@griff (ğŸ’œ, ğŸ’œ) @The Prophet Margin @irenioskamoska@Dani Dos for joining our AMA on ""Inclusion Culture in Public Goods"" today! âœ¨ ",5.0,13.0,3,,,,False,False,False,RachaelMalachy#5837,Yineisy Mota#1449,mafer_cordovas#1034,7.0,10.0
264,62c5f7dd262dbd2259e42a71,2022-04-03T22:00:00.000Z,pacobacpac#5457,Tamarandom#9361,for coming on board to tackle some much needed dev work in Commons Stack. ğŸ™ğŸ½ ,13.0,5.0,8,,,,False,False,False,RachaelMalachy#5837,Tamarandom#9361,usamaahmed#9991,8.67,8.0
266,62c5f7dd262dbd2259e42a73,2022-04-03T22:00:00.000Z,"Griff (ğŸ’œ,ğŸ’œ)#8888",mafer_cordovas#1034,"@griff (ğŸ’œ, ğŸ’œ) because your work and personality inspires my web3 journey and work. I can see how my conversations lead to something awesome you helped build. ",13.0,5.0,13,,,,False,False,False,RachaelMalachy#5837,Yineisy Mota#1449,mafer_cordovas#1034,10.33,8.0
175,62c5f7dd262dbd2259e42a18,2022-03-20T23:00:00.000Z,"Griff (ğŸ’œ,ğŸ’œ)#8888",usamaahmed#9991,"@griff (ğŸ’œ, ğŸ’œ) for taking his time to edit the ABC doc. ",21.0,13.0,21,,,,False,False,False,RachaelMalachy#5837,Yineisy Mota#1449,mafer_cordovas#1034,18.33,8.0
43,62c5f7dd262dbd2259e42994,2022-03-06T23:00:00.000Z,GideonRo#3175,liviade#1387,for the great support his been giving to Commons Stack and TEC ,13.0,5.0,13,,,,False,False,False,RachaelMalachy#5837,Yineisy Mota#1449,mafer_cordovas#1034,10.33,8.0
52,62c5f7dd262dbd2259e4299d,2022-03-06T23:00:00.000Z,mafer_cordovas#1034,Yineisy Mota#1449,"for helping me with CS February newsletter (drafting, ideas, and proofreading) you rock! ",8.0,5.0,13,,,,False,False,False,Tamarandom#9361,liviade#1387,Yineisy Mota#1449,8.67,8.0
32,62c5f7dd262dbd2259e42989,2022-03-06T23:00:00.000Z,missgene#7773,iviangita#3204,@Yineisy Mota for supporting comms and Twitter ,8.0,1.0,3,,,,False,False,False,RachaelMalachy#5837,Tamarandom#9361,usamaahmed#9991,4.0,7.0
125,62c5f7dd262dbd2259e429e6,2022-03-16T23:00:00.000Z,hanners717#2022,thiago.rossi#1714,and for being the most amazing housemates in the cryptospace ever ,8.0,8.0,1,,,,False,False,False,RachaelMalachy#5837,Tamarandom#9361,usamaahmed#9991,5.67,7.0
221,62c5f7dd262dbd2259e42a46,2022-04-01T22:00:00.000Z,AnnAnna#4694,freshelle#9882,@David (please DYOR...) @Yineisy Mota @Gregory | RND  for mentioning or retweeting Commons Stack on the socials the past week! Thank you for helping us grow the Commons Stack community and spreading the message! ğŸ™ğŸ¼ğŸŒ± ,3.0,1.0,8,,,,False,False,False,RachaelMalachy#5837,Tamarandom#9361,usamaahmed#9991,4.0,7.0
30,62c5f7dd262dbd2259e42987,2022-03-06T23:00:00.000Z,Yineisy Mota#1449,iviangita#3204,@Yineisy Mota for supporting comms and Twitter ,8.0,1.0,5,,,,False,False,False,RachaelMalachy#5837,Tamarandom#9361,usamaahmed#9991,4.67,7.0
148,62c5f7dd262dbd2259e429fd,2022-03-17T23:00:00.000Z,sanjujain01986#4928,Yineisy Mota#1449,"@griff (ğŸ’œ, ğŸ’œ) @The Prophet Margin @irenioskamoska@Dani Dos for joining our AMA on ""Inclusion Culture in Public Goods"" today! âœ¨ ",1.0,8.0,5,,,,False,False,False,liviade#1387,Yineisy Mota#1449,mafer_cordovas#1034,4.67,7.0
145,62c5f7dd262dbd2259e429fa,2022-03-17T23:00:00.000Z,bends#3537,Yineisy Mota#1449,"@griff (ğŸ’œ, ğŸ’œ) @The Prophet Margin @irenioskamoska@Dani Dos for joining our AMA on ""Inclusion Culture in Public Goods"" today! âœ¨ ",1.0,8.0,5,,,,False,False,False,liviade#1387,Yineisy Mota#1449,mafer_cordovas#1034,4.67,7.0
220,62c5f7dd262dbd2259e42a45,2022-03-30T22:00:00.000Z,missgene#7773,Yineisy Mota#1449,for today's Twitter sync! Thanks for helping with content creation and review! âœ¨ ,3.0,1.0,8,,,,False,False,False,RachaelMalachy#5837,Tamarandom#9361,usamaahmed#9991,4.0,7.0
121,62c5f7dd262dbd2259e429e2,2022-03-16T23:00:00.000Z,hanners717#2022,thiago.rossi#1714,and for being the most amazing flatmates in the crypto space ever ğŸ˜€ ,8.0,8.0,3,62c5f7dd262dbd2259e429e6,62c5f7dd262dbd2259e429e6,,False,False,False,RachaelMalachy#5837,Tamarandom#9361,usamaahmed#9991,1.53,5.0
51,62c5f7dd262dbd2259e4299c,2022-03-06T23:00:00.000Z,iviangita#3204,Yineisy Mota#1449,"for helping me with CS February newsletter (drafting, ideas, and proofreading) you rock! ",13.0,8.0,13,,,,False,False,False,Tamarandom#9361,liviade#1387,usamaahmed#9991,11.33,5.0
232,62c5f7dd262dbd2259e42a51,2022-04-03T22:00:00.000Z,anna-marie#8824,liviade#1387,for the dedication and curiosity in the TEC Case Studies ,13.0,8.0,13,,,,False,False,False,RachaelMalachy#5837,Tamarandom#9361,Yineisy Mota#1449,11.33,5.0
255,62c5f7dd262dbd2259e42a68,2022-04-03T22:00:00.000Z,freshelle#9882,mafer_cordovas#1034,for helping with my pending payments but also supporting my work as Thiagoâ€™s buddy! âœ¨ ,8.0,8.0,13,,,,False,False,False,RachaelMalachy#5837,Tamarandom#9361,Yineisy Mota#1449,9.67,5.0
236,62c5f7dd262dbd2259e42a55,2022-04-03T22:00:00.000Z,T!b!#2584,mafer_cordovas#1034,for another week of onboarding works and creating bridges in web3 ,8.0,3.0,8,,,,False,False,False,RachaelMalachy#5837,Tamarandom#9361,Yineisy Mota#1449,6.33,5.0
77,62c5f7dd262dbd2259e429b6,2022-03-08T23:00:00.000Z,liviade#1387,Ekeneodigwe#1502,"@griff (ğŸ’œ, ğŸ’œ) @Yineisy Mota for your warmth and love now and always ",8.0,3.0,5,,,,False,False,False,RachaelMalachy#5837,mafer_cordovas#1034,usamaahmed#9991,5.33,5.0
170,62c5f7dd262dbd2259e42a13,2022-03-20T23:00:00.000Z,iviangita#3204,usamaahmed#9991,for guiding me through the youtube uploads. ,5.0,3.0,8,,,,False,False,False,Tamarandom#9361,liviade#1387,usamaahmed#9991,5.33,5.0
197,62c5f7dd262dbd2259e42a2e,2022-03-22T23:00:00.000Z,mafer_cordovas#1034,usamaahmed#9991,for being so welcoming always and her dedication to CS as well ğŸ™Œ ,1.0,3.0,5,,,,False,False,False,Tamarandom#9361,liviade#1387,Yineisy Mota#1449,3.0,4.0
78,62c5f7dd262dbd2259e429b7,2022-03-08T23:00:00.000Z,thiago.rossi#1714,Ekeneodigwe#1502,"@griff (ğŸ’œ, ğŸ’œ) @Yineisy Mota for your warmth and love now and always ",5.0,1.0,3,,,,False,False,False,RachaelMalachy#5837,Tamarandom#9361,usamaahmed#9991,3.0,4.0
149,62c5f7dd262dbd2259e429fe,2022-03-17T23:00:00.000Z,irenioskamoska#7519,Yineisy Mota#1449,"@griff (ğŸ’œ, ğŸ’œ) @The Prophet Margin @irenioskamoska@Dani Dos for joining our AMA on ""Inclusion Culture in Public Goods"" today! âœ¨ ",1.0,5.0,5,,,,False,False,False,liviade#1387,Yineisy Mota#1449,mafer_cordovas#1034,3.67,4.0
199,62c5f7dd262dbd2259e42a30,2022-03-25T23:00:00.000Z,AnnAnna#4694,freshelle#9882,@KZ Flyer @Michel Bauwens @T Wells @Yineisy Mota  for mentioning or retweeting Commons Stack on the socials the past week! Thank you for helping us grow the Commons Stack community and spreading the message! ğŸ™ğŸ¼ğŸŒ± ,3.0,1.0,5,,,,False,False,False,RachaelMalachy#5837,Tamarandom#9361,usamaahmed#9991,3.0,4.0
248,62c5f7dd262dbd2259e42a61,2022-04-03T22:00:00.000Z,pacobacpac#5457,"Griff (ğŸ’œ,ğŸ’œ)#8888",for jumping into the Commons Stack to support development! ,8.0,5.0,5,,,,False,False,False,RachaelMalachy#5837,Tamarandom#9361,usamaahmed#9991,6.0,3.0
124,62c5f7dd262dbd2259e429e5,2022-03-16T23:00:00.000Z,mafer_cordovas#1034,thiago.rossi#1714,and for being the most amazing housemates in the cryptospace ever ,1.0,0.0,3,,,62c5f7dd262dbd2259e429e1,False,True,False,Tamarandom#9361,liviade#1387,Yineisy Mota#1449,0.43,3.0
216,62c5f7dd262dbd2259e42a41,2022-03-27T22:00:00.000Z,dan13ram#7722,Yineisy Mota#1449,for jumping in our TS Dashboard call and helping us today! ,5.0,8.0,5,,,,False,False,False,RachaelMalachy#5837,Yineisy Mota#1449,mafer_cordovas#1034,6.0,3.0
250,62c5f7dd262dbd2259e42a63,2022-04-03T22:00:00.000Z,iviangita#3204,Yineisy Mota#1449,for helping me with the coordination for the Commons Prize promotion ğŸ™‚ ,21.0,18.33,21,,,,False,False,False,Tamarandom#9361,liviade#1387,usamaahmed#9991,20.11,2.6700000000000017
54,62c5f7dd262dbd2259e4299f,2022-03-06T23:00:00.000Z,iviangita#3204,thiago.rossi#1714,and for the Happy Money Story ,1.0,1.0,3,,,,False,False,False,Tamarandom#9361,liviade#1387,usamaahmed#9991,1.67,2.0
176,62c5f7dd262dbd2259e42a19,2022-03-20T23:00:00.000Z,iviangita#3204,Yineisy Mota#1449,for having with me 1on1s and helping me with my new tasks ,5.0,3.0,5,,,,False,False,False,Tamarandom#9361,liviade#1387,usamaahmed#9991,4.33,2.0
120,62c5f7dd262dbd2259e429e1,2022-03-16T23:00:00.000Z,mafer_cordovas#1034,thiago.rossi#1714,and for being the most amazing flatmates in the crypto space ever ğŸ˜€ ,1.0,3.0,3,62c5f7dd262dbd2259e429e5,,,False,False,False,Tamarandom#9361,liviade#1387,Yineisy Mota#1449,2.03,2.0
119,62c5f7dd262dbd2259e429e0,2022-03-14T23:00:00.000Z,mafer_cordovas#1034,Yineisy Mota#1449,for sharing great pics from ETH Rio with other Trusted Seed members and mentioning Commons Stack! ,5.0,3.0,3,,,,False,False,False,Tamarandom#9361,liviade#1387,Yineisy Mota#1449,3.67,2.0
111,62c5f7dd262dbd2259e429d8,2022-03-14T23:00:00.000Z,thiago.rossi#1714,freshelle#9882,for mentioning or retweeting Commons Stack on the socials the past week! Thank you for helping us grow the Commons Stack community and spreading the message! ğŸ™ğŸ¼ğŸŒ± ,3.0,1.0,1,,,,False,False,False,RachaelMalachy#5837,Tamarandom#9361,usamaahmed#9991,1.67,2.0
110,62c5f7dd262dbd2259e429d7,2022-03-14T23:00:00.000Z,logonaut.eth#9437,freshelle#9882,for mentioning or retweeting Commons Stack on the socials the past week! Thank you for helping us grow the Commons Stack community and spreading the message! ğŸ™ğŸ¼ğŸŒ± ,3.0,1.0,1,,,,False,False,False,RachaelMalachy#5837,Tamarandom#9361,usamaahmed#9991,1.67,2.0
109,62c5f7dd262dbd2259e429d6,2022-03-14T23:00:00.000Z,shawn#7046,freshelle#9882,for mentioning or retweeting Commons Stack on the socials the past week! Thank you for helping us grow the Commons Stack community and spreading the message! ğŸ™ğŸ¼ğŸŒ± ,3.0,1.0,3,,,,False,False,False,RachaelMalachy#5837,mafer_cordovas#1034,usamaahmed#9991,2.33,2.0
105,62c5f7dd262dbd2259e429d2,2022-03-14T23:00:00.000Z,innov8tor3#3988,freshelle#9882,for mentioning or retweeting Commons Stack on the socials the past week! Thank you for helping us grow the Commons Stack community and spreading the message! ğŸ™ğŸ¼ğŸŒ± ,3.0,1.0,1,,,,False,False,False,RachaelMalachy#5837,Tamarandom#9361,Yineisy Mota#1449,1.67,2.0
267,62c5f7dd262dbd2259e42a74,2022-04-03T22:00:00.000Z,Yineisy Mota#1449,mafer_cordovas#1034,"@Yineisy Mota for sÃºper Birthday ğŸ¥³ feliz cumpleaÃ±os, you rock! ",3.0,1.0,3,,,,False,False,False,RachaelMalachy#5837,Tamarandom#9361,usamaahmed#9991,2.33,2.0
104,62c5f7dd262dbd2259e429d1,2022-03-14T23:00:00.000Z,AnnAnna#4694,freshelle#9882,for mentioning or retweeting Commons Stack on the socials the past week! Thank you for helping us grow the Commons Stack community and spreading the message! ğŸ™ğŸ¼ğŸŒ± ,3.0,1.0,1,,,,False,False,False,RachaelMalachy#5837,Tamarandom#9361,usamaahmed#9991,1.67,2.0
102,62c5f7dd262dbd2259e429cf,2022-03-14T23:00:00.000Z,hanners717#2022,mafer_cordovas#1034,for being such a cool neighbor and boss to (aka my Rio roommate) ,5.0,3.0,3,,,,False,False,False,RachaelMalachy#5837,Tamarandom#9361,usamaahmed#9991,3.67,2.0
101,62c5f7dd262dbd2259e429ce,2022-03-14T23:00:00.000Z,divine_comedian#5493,mafer_cordovas#1034,for being such a cool neighbor and boss to (aka my Rio roommate) ,5.0,3.0,5,,,,False,False,False,Tamarandom#9361,liviade#1387,Yineisy Mota#1449,4.33,2.0
114,62c5f7dd262dbd2259e429db,2022-03-14T23:00:00.000Z,K.#9150,freshelle#9882,for mentioning or retweeting Commons Stack on the socials the past week! Thank you for helping us grow the Commons Stack community and spreading the message! ğŸ™ğŸ¼ğŸŒ± ,3.0,1.0,1,,,,False,False,False,RachaelMalachy#5837,Tamarandom#9361,usamaahmed#9991,1.67,2.0
227,62c5f7dd262dbd2259e42a4c,2022-04-01T22:00:00.000Z,thiago.rossi#1714,freshelle#9882,@David (please DYOR...) @Yineisy Mota @Gregory | RND  for mentioning or retweeting Commons Stack on the socials the past week! Thank you for helping us grow the Commons Stack community and spreading the message! ğŸ™ğŸ¼ğŸŒ± ,3.0,1.0,1,,,,False,False,False,RachaelMalachy#5837,Tamarandom#9361,usamaahmed#9991,1.67,2.0
231,62c5f7dd262dbd2259e42a50,2022-04-01T22:00:00.000Z,alexsotodigital#7208,freshelle#9882,@David (please DYOR...) @Yineisy Mota @Gregory | RND  for mentioning or retweeting Commons Stack on the socials the past week! Thank you for helping us grow the Commons Stack community and spreading the message! ğŸ™ğŸ¼ğŸŒ± ,3.0,1.0,1,,,,False,False,False,RachaelMalachy#5837,mafer_cordovas#1034,usamaahmed#9991,1.67,2.0
212,62c5f7dd262dbd2259e42a3d,2022-03-25T23:00:00.000Z,toraif#4775,freshelle#9882,@KZ Flyer @Michel Bauwens @T Wells @Yineisy Mota  for mentioning or retweeting Commons Stack on the socials the past week! Thank you for helping us grow the Commons Stack community and spreading the message! ğŸ™ğŸ¼ğŸŒ± ,3.0,1.0,1,,,,False,False,False,RachaelMalachy#5837,Yineisy Mota#1449,mafer_cordovas#1034,1.67,2.0
75,62c5f7dd262dbd2259e429b4,2022-03-08T23:00:00.000Z,mafer_cordovas#1034,Ekeneodigwe#1502,"@griff (ğŸ’œ, ğŸ’œ) @Yineisy Mota for your warmth and love now and always ",1.0,3.0,3,,,,False,False,False,Tamarandom#9361,liviade#1387,Yineisy Mota#1449,2.33,2.0
158,62c5f7dd262dbd2259e42a07,2022-03-17T23:00:00.000Z,Rodricast#1415,freshelle#9882,@Yineisy Mota @mercedesrodsimfor mentioning or retweeting Commons Stack on the socials the past week! Thank you for helping us grow the Commons Stack community and spreading the message! ğŸ™ğŸ¼ğŸŒ± ,3.0,1.0,1,,,,False,False,False,RachaelMalachy#5837,Tamarandom#9361,Yineisy Mota#1449,1.67,2.0
156,62c5f7dd262dbd2259e42a05,2022-03-17T23:00:00.000Z,shawn#7046,freshelle#9882,@Yineisy Mota @mercedesrodsimfor mentioning or retweeting Commons Stack on the socials the past week! Thank you for helping us grow the Commons Stack community and spreading the message! ğŸ™ğŸ¼ğŸŒ± ,3.0,1.0,3,,,,False,False,False,RachaelMalachy#5837,mafer_cordovas#1034,usamaahmed#9991,2.33,2.0
16,62c5f7dd262dbd2259e42979,2022-03-06T23:00:00.000Z,mafer_cordovas#1034,Ekeneodigwe#1502,for having such a fun birthday ğŸ¥³ ,1.0,1.0,3,,,,False,False,False,Tamarandom#9361,liviade#1387,Yineisy Mota#1449,1.67,2.0
153,62c5f7dd262dbd2259e42a02,2022-03-17T23:00:00.000Z,Ekeneodigwe#1502,freshelle#9882,@Yineisy Mota @mercedesrodsimfor mentioning or retweeting Commons Stack on the socials the past week! Thank you for helping us grow the Commons Stack community and spreading the message! ğŸ™ğŸ¼ğŸŒ± ,3.0,1.0,1,,,,False,False,False,RachaelMalachy#5837,Yineisy Mota#1449,mafer_cordovas#1034,1.67,2.0
200,62c5f7dd262dbd2259e42a31,2022-03-25T23:00:00.000Z,Ekeneodigwe#1502,freshelle#9882,@KZ Flyer @Michel Bauwens @T Wells @Yineisy Mota  for mentioning or retweeting Commons Stack on the socials the past week! Thank you for helping us grow the Commons Stack community and spreading the message! ğŸ™ğŸ¼ğŸŒ± ,3.0,1.0,1,,,,False,False,False,RachaelMalachy#5837,Yineisy Mota#1449,mafer_cordovas#1034,1.67,2.0
201,62c5f7dd262dbd2259e42a32,2022-03-25T23:00:00.000Z,GideonRo#3175,freshelle#9882,@KZ Flyer @Michel Bauwens @T Wells @Yineisy Mota  for mentioning or retweeting Commons Stack on the socials the past week! Thank you for helping us grow the Commons Stack community and spreading the message! ğŸ™ğŸ¼ğŸŒ± ,3.0,1.0,1,,,,False,False,False,RachaelMalachy#5837,Yineisy Mota#1449,mafer_cordovas#1034,1.67,2.0
205,62c5f7dd262dbd2259e42a36,2022-03-25T23:00:00.000Z,anna-marie#8824,freshelle#9882,@KZ Flyer @Michel Bauwens @T Wells @Yineisy Mota  for mentioning or retweeting Commons Stack on the socials the past week! Thank you for helping us grow the Commons Stack community and spreading the message! ğŸ™ğŸ¼ğŸŒ± ,3.0,1.0,1,,,,False,False,False,RachaelMalachy#5837,Tamarandom#9361,Yineisy Mota#1449,1.67,2.0
208,62c5f7dd262dbd2259e42a39,2022-03-25T23:00:00.000Z,logonaut.eth#9437,freshelle#9882,@KZ Flyer @Michel Bauwens @T Wells @Yineisy Mota  for mentioning or retweeting Commons Stack on the socials the past week! Thank you for helping us grow the Commons Stack community and spreading the message! ğŸ™ğŸ¼ğŸŒ± ,3.0,1.0,1,,,,False,False,False,RachaelMalachy#5837,Tamarandom#9361,usamaahmed#9991,1.67,2.0
209,62c5f7dd262dbd2259e42a3a,2022-03-25T23:00:00.000Z,Rodricast#1415,freshelle#9882,@KZ Flyer @Michel Bauwens @T Wells @Yineisy Mota  for mentioning or retweeting Commons Stack on the socials the past week! Thank you for helping us grow the Commons Stack community and spreading the message! ğŸ™ğŸ¼ğŸŒ± ,3.0,1.0,1,,,62c5f7dd262dbd2259e42a07,False,False,False,RachaelMalachy#5837,Tamarandom#9361,Yineisy Mota#1449,1.37,2.0
204,62c5f7dd262dbd2259e42a35,2022-03-25T23:00:00.000Z,Michel Bauwens#1511,freshelle#9882,@KZ Flyer @Michel Bauwens @T Wells @Yineisy Mota  for mentioning or retweeting Commons Stack on the socials the past week! Thank you for helping us grow the Commons Stack community and spreading the message! ğŸ™ğŸ¼ğŸŒ± ,3.0,1.0,1,,,,False,False,False,RachaelMalachy#5837,Yineisy Mota#1449,mafer_cordovas#1034,1.67,2.0
157,62c5f7dd262dbd2259e42a06,2022-03-17T23:00:00.000Z,Yineisy Mota#1449,freshelle#9882,@Yineisy Mota @mercedesrodsimfor mentioning or retweeting Commons Stack on the socials the past week! Thank you for helping us grow the Commons Stack community and spreading the message! ğŸ™ğŸ¼ğŸŒ± ,3.0,1.0,3,,,,False,False,False,RachaelMalachy#5837,Tamarandom#9361,usamaahmed#9991,2.33,2.0
229,62c5f7dd262dbd2259e42a4e,2022-04-01T22:00:00.000Z,Gregory | RND#1990,freshelle#9882,@David (please DYOR...) @Yineisy Mota @Gregory | RND  for mentioning or retweeting Commons Stack on the socials the past week! Thank you for helping us grow the Commons Stack community and spreading the message! ğŸ™ğŸ¼ğŸŒ± ,3.0,1.0,1,,,,False,False,False,RachaelMalachy#5837,Yineisy Mota#1449,mafer_cordovas#1034,1.67,2.0
214,62c5f7dd262dbd2259e42a3f,2022-03-25T23:00:00.000Z,MisterBoyfriend#7096,freshelle#9882,@KZ Flyer @Michel Bauwens @T Wells @Yineisy Mota  for mentioning or retweeting Commons Stack on the socials the past week! Thank you for helping us grow the Commons Stack community and spreading the message! ğŸ™ğŸ¼ğŸŒ± ,3.0,1.0,1,,,,False,False,False,RachaelMalachy#5837,Tamarandom#9361,Yineisy Mota#1449,1.67,2.0
226,62c5f7dd262dbd2259e42a4b,2022-04-01T22:00:00.000Z,logonaut.eth#9437,freshelle#9882,@David (please DYOR...) @Yineisy Mota @Gregory | RND  for mentioning or retweeting Commons Stack on the socials the past week! Thank you for helping us grow the Commons Stack community and spreading the message! ğŸ™ğŸ¼ğŸŒ± ,3.0,1.0,1,,,,False,False,False,RachaelMalachy#5837,Tamarandom#9361,usamaahmed#9991,1.67,2.0
218,62c5f7dd262dbd2259e42a43,2022-03-30T22:00:00.000Z,iviangita#3204,Yineisy Mota#1449,for today's Twitter sync! Thanks for helping with content creation and review! âœ¨ ,1.0,3.0,1,,,,False,False,False,Tamarandom#9361,liviade#1387,usamaahmed#9991,1.67,2.0
223,62c5f7dd262dbd2259e42a48,2022-04-01T22:00:00.000Z,innov8tor3#3988,freshelle#9882,@David (please DYOR...) @Yineisy Mota @Gregory | RND  for mentioning or retweeting Commons Stack on the socials the past week! Thank you for helping us grow the Commons Stack community and spreading the message! ğŸ™ğŸ¼ğŸŒ± ,3.0,1.0,1,,,62c5f7dd262dbd2259e429d2,False,False,False,RachaelMalachy#5837,Tamarandom#9361,Yineisy Mota#1449,1.37,2.0
106,62c5f7dd262dbd2259e429d3,2022-03-14T23:00:00.000Z,mafer_cordovas#1034,freshelle#9882,for mentioning or retweeting Commons Stack on the socials the past week! Thank you for helping us grow the Commons Stack community and spreading the message! ğŸ™ğŸ¼ğŸŒ± ,1.0,1.0,1,,,,False,False,False,Tamarandom#9361,liviade#1387,Yineisy Mota#1449,1.0,0.0
162,62c5f7dd262dbd2259e42a0b,2022-03-17T23:00:00.000Z,mercedesrodsim#1317,freshelle#9882,@Yineisy Mota @mercedesrodsimfor mentioning or retweeting Commons Stack on the socials the past week! Thank you for helping us grow the Commons Stack community and spreading the message! ğŸ™ğŸ¼ğŸŒ± ,1.0,1.0,1,,,,False,False,False,Tamarandom#9361,liviade#1387,Yineisy Mota#1449,1.0,0.0
161,62c5f7dd262dbd2259e42a0a,2022-03-17T23:00:00.000Z,AmwFund#0979,freshelle#9882,@Yineisy Mota @mercedesrodsimfor mentioning or retweeting Commons Stack on the socials the past week! Thank you for helping us grow the Commons Stack community and spreading the message! ğŸ™ğŸ¼ğŸŒ± ,1.0,1.0,1,,,,False,False,False,liviade#1387,mafer_cordovas#1034,usamaahmed#9991,1.0,0.0
160,62c5f7dd262dbd2259e42a09,2022-03-17T23:00:00.000Z,ClaraZi#5313,freshelle#9882,@Yineisy Mota @mercedesrodsimfor mentioning or retweeting Commons Stack on the socials the past week! Thank you for helping us grow the Commons Stack community and spreading the message! ğŸ™ğŸ¼ğŸŒ± ,1.0,1.0,1,,62c5f7dd262dbd2259e429d9,,False,False,False,liviade#1387,Yineisy Mota#1449,mafer_cordovas#1034,0.7,0.0
228,62c5f7dd262dbd2259e42a4d,2022-04-01T22:00:00.000Z,AmwFund#0979,freshelle#9882,@David (please DYOR...) @Yineisy Mota @Gregory | RND  for mentioning or retweeting Commons Stack on the socials the past week! Thank you for helping us grow the Commons Stack community and spreading the message! ğŸ™ğŸ¼ğŸŒ± ,1.0,1.0,1,,,,False,False,False,liviade#1387,mafer_cordovas#1034,usamaahmed#9991,1.0,0.0
61,62c5f7dd262dbd2259e429a6,2022-03-06T23:00:00.000Z,Yineisy Mota#1449,mafer_cordovas#1034,@Yineisy Mota for your nonstop support and coming to my birthday party! ,8.0,8.0,8,,,,False,False,False,RachaelMalachy#5837,Tamarandom#9361,usamaahmed#9991,8.0,0.0
103,62c5f7dd262dbd2259e429d0,2022-03-14T23:00:00.000Z,ALOYSIOUS#3049,freshelle#9882,for mentioning or retweeting Commons Stack on the socials the past week! Thank you for helping us grow the Commons Stack community and spreading the message! ğŸ™ğŸ¼ğŸŒ± ,1.0,1.0,1,,,,False,False,False,liviade#1387,Yineisy Mota#1449,mafer_cordovas#1034,1.0,0.0
224,62c5f7dd262dbd2259e42a49,2022-04-01T22:00:00.000Z,mafer_cordovas#1034,freshelle#9882,@David (please DYOR...) @Yineisy Mota @Gregory | RND  for mentioning or retweeting Commons Stack on the socials the past week! Thank you for helping us grow the Commons Stack community and spreading the message! ğŸ™ğŸ¼ğŸŒ± ,1.0,1.0,1,,,62c5f7dd262dbd2259e429d3,False,False,False,Tamarandom#9361,liviade#1387,Yineisy Mota#1449,0.7,0.0
155,62c5f7dd262dbd2259e42a04,2022-03-17T23:00:00.000Z,mafer_cordovas#1034,freshelle#9882,@Yineisy Mota @mercedesrodsimfor mentioning or retweeting Commons Stack on the socials the past week! Thank you for helping us grow the Commons Stack community and spreading the message! ğŸ™ğŸ¼ğŸŒ± ,1.0,1.0,1,,,62c5f7dd262dbd2259e429d3,False,False,False,Tamarandom#9361,liviade#1387,Yineisy Mota#1449,0.7,0.0
154,62c5f7dd262dbd2259e42a03,2022-03-17T23:00:00.000Z,Kojak#5611,freshelle#9882,@Yineisy Mota @mercedesrodsimfor mentioning or retweeting Commons Stack on the socials the past week! Thank you for helping us grow the Commons Stack community and spreading the message! ğŸ™ğŸ¼ğŸŒ± ,1.0,1.0,1,,,,False,False,False,liviade#1387,Yineisy Mota#1449,mafer_cordovas#1034,1.0,0.0
211,62c5f7dd262dbd2259e42a3c,2022-03-25T23:00:00.000Z,usamaahmed#9991,freshelle#9882,@KZ Flyer @Michel Bauwens @T Wells @Yineisy Mota  for mentioning or retweeting Commons Stack on the socials the past week! Thank you for helping us grow the Commons Stack community and spreading the message! ğŸ™ğŸ¼ğŸŒ± ,1.0,1.0,1,,,,False,False,False,liviade#1387,Yineisy Mota#1449,mafer_cordovas#1034,1.0,0.0
210,62c5f7dd262dbd2259e42a3b,2022-03-25T23:00:00.000Z,bustavo#8085,freshelle#9882,@KZ Flyer @Michel Bauwens @T Wells @Yineisy Mota  for mentioning or retweeting Commons Stack on the socials the past week! Thank you for helping us grow the Commons Stack community and spreading the message! ğŸ™ğŸ¼ğŸŒ± ,1.0,1.0,1,,,,False,False,False,liviade#1387,Yineisy Mota#1449,mafer_cordovas#1034,1.0,0.0
108,62c5f7dd262dbd2259e429d5,2022-03-14T23:00:00.000Z,Rohekbenitez#8753,freshelle#9882,for mentioning or retweeting Commons Stack on the socials the past week! Thank you for helping us grow the Commons Stack community and spreading the message! ğŸ™ğŸ¼ğŸŒ± ,1.0,1.0,1,,,,False,False,False,RachaelMalachy#5837,Yineisy Mota#1449,mafer_cordovas#1034,1.0,0.0
222,62c5f7dd262dbd2259e42a47,2022-04-01T22:00:00.000Z,David (please DYOR...)#4116,freshelle#9882,@David (please DYOR...) @Yineisy Mota @Gregory | RND  for mentioning or retweeting Commons Stack on the socials the past week! Thank you for helping us grow the Commons Stack community and spreading the message! ğŸ™ğŸ¼ğŸŒ± ,1.0,1.0,1,,,,False,False,False,liviade#1387,Yineisy Mota#1449,mafer_cordovas#1034,1.0,0.0
202,62c5f7dd262dbd2259e42a33,2022-03-25T23:00:00.000Z,KZ Flyer#0926,freshelle#9882,@KZ Flyer @Michel Bauwens @T Wells @Yineisy Mota  for mentioning or retweeting Commons Stack on the socials the past week! Thank you for helping us grow the Commons Stack community and spreading the message! ğŸ™ğŸ¼ğŸŒ± ,1.0,1.0,1,,,,False,False,False,liviade#1387,mafer_cordovas#1034,usamaahmed#9991,1.0,0.0
112,62c5f7dd262dbd2259e429d9,2022-03-14T23:00:00.000Z,ClaraZi#5313,freshelle#9882,for mentioning or retweeting Commons Stack on the socials the past week! Thank you for helping us grow the Commons Stack community and spreading the message! ğŸ™ğŸ¼ğŸŒ± ,1.0,1.0,1,,,,False,False,False,liviade#1387,Yineisy Mota#1449,mafer_cordovas#1034,1.0,0.0
203,62c5f7dd262dbd2259e42a34,2022-03-25T23:00:00.000Z,mafer_cordovas#1034,freshelle#9882,@KZ Flyer @Michel Bauwens @T Wells @Yineisy Mota  for mentioning or retweeting Commons Stack on the socials the past week! Thank you for helping us grow the Commons Stack community and spreading the message! ğŸ™ğŸ¼ğŸŒ± ,1.0,1.0,1,,,62c5f7dd262dbd2259e429d3,False,False,False,Tamarandom#9361,liviade#1387,Yineisy Mota#1449,0.7,0.0
230,62c5f7dd262dbd2259e42a4f,2022-04-01T22:00:00.000Z,mercedesrodsim#1317,freshelle#9882,@David (please DYOR...) @Yineisy Mota @Gregory | RND  for mentioning or retweeting Commons Stack on the socials the past week! Thank you for helping us grow the Commons Stack community and spreading the message! ğŸ™ğŸ¼ğŸŒ± ,1.0,1.0,1,,,62c5f7dd262dbd2259e42a0b,False,False,False,Tamarandom#9361,liviade#1387,Yineisy Mota#1449,0.7,0.0
113,62c5f7dd262dbd2259e429da,2022-03-14T23:00:00.000Z,AmwFund#0979,freshelle#9882,for mentioning or retweeting Commons Stack on the socials the past week! Thank you for helping us grow the Commons Stack community and spreading the message! ğŸ™ğŸ¼ğŸŒ± ,1.0,1.0,1,,,,False,False,False,liviade#1387,mafer_cordovas#1034,usamaahmed#9991,1.0,0.0
215,62c5f7dd262dbd2259e42a40,2022-03-25T23:00:00.000Z,mercedesrodsim#1317,freshelle#9882,@KZ Flyer @Michel Bauwens @T Wells @Yineisy Mota  for mentioning or retweeting Commons Stack on the socials the past week! Thank you for helping us grow the Commons Stack community and spreading the message! ğŸ™ğŸ¼ğŸŒ± ,1.0,1.0,1,,,62c5f7dd262dbd2259e42a0b,False,False,False,Tamarandom#9361,liviade#1387,Yineisy Mota#1449,0.7,0.0
206,62c5f7dd262dbd2259e42a37,2022-03-25T23:00:00.000Z,T Wells#9070,freshelle#9882,@KZ Flyer @Michel Bauwens @T Wells @Yineisy Mota  for mentioning or retweeting Commons Stack on the socials the past week! Thank you for helping us grow the Commons Stack community and spreading the message! ğŸ™ğŸ¼ğŸŒ± ,1.0,1.0,1,,,,False,False,False,liviade#1387,mafer_cordovas#1034,usamaahmed#9991,1.0,0.0
150,62c5f7dd262dbd2259e429ff,2022-03-17T23:00:00.000Z,Dani Dos#6791,Yineisy Mota#1449,"@griff (ğŸ’œ, ğŸ’œ) @The Prophet Margin @irenioskamoska@Dani Dos for joining our AMA on ""Inclusion Culture in Public Goods"" today! âœ¨ ",5.0,5.0,5,,,,False,False,False,RachaelMalachy#5837,Yineisy Mota#1449,mafer_cordovas#1034,5.0,0.0
213,62c5f7dd262dbd2259e42a3e,2022-03-25T23:00:00.000Z,ygg_anderson#4998,freshelle#9882,@KZ Flyer @Michel Bauwens @T Wells @Yineisy Mota  for mentioning or retweeting Commons Stack on the socials the past week! Thank you for helping us grow the Commons Stack community and spreading the message! ğŸ™ğŸ¼ğŸŒ± ,1.0,1.0,1,,,,False,False,False,liviade#1387,mafer_cordovas#1034,usamaahmed#9991,1.0,0.0
107,62c5f7dd262dbd2259e429d4,2022-03-14T23:00:00.000Z,MS#4235,freshelle#9882,for mentioning or retweeting Commons Stack on the socials the past week! Thank you for helping us grow the Commons Stack community and spreading the message! ğŸ™ğŸ¼ğŸŒ± ,1.0,1.0,1,,,,False,False,False,Tamarandom#9361,liviade#1387,usamaahmed#9991,1.0,0.0
