"ID","DATE","TO USER ACCOUNT","TO USER ACCOUNT ID","TO ETH ADDRESS","FROM USER ACCOUNT","FROM USER ACCOUNT ID","FROM ETH ADDRESS","REASON","SOURCE ID","SOURCE NAME","SCORE 1","SCORE 2","SCORE 3","DUPLICATE ID 1","DUPLICATE ID 2","DUPLICATE ID 3","DISMISSED 1","DISMISSED 2","DISMISSED 3","QUANTIFIER 1 USERNAME","QUANTIFIER 1 ETH ADDRESS","QUANTIFIER 2 USERNAME","QUANTIFIER 2 ETH ADDRESS","QUANTIFIER 3 USERNAME","QUANTIFIER 3 ETH ADDRESS","AVG SCORE"
"62c5f7dd262dbd2259e42a7e","2022-04-06T22:00:00.000Z","sem(üå∏,üêù)#0161","62c212f0cfceab568c65fffa",,"Yineisy Mota#1449","62b33e7ecfceab568c5fdfea","0x5A227E2919A49f9d4698e9fd2B318EfCd0f16Bda","for helping me with the Wiki issue!! üôè ‚ú®  I definitely won't play in GitHub anymore üòÖ ","DISCORD:776352358832930816:778150291706609703","DISCORD:Commons%20Stack:%F0%9F%99%8F%EF%BD%9Cpraise",8,13,3,,,,false,false,false,"liviade#1387","0xF8D1d34956cEa24718cf8687588D6FeDbc6d9AA6","Tamarandom#9361","0xcf79C7EaEC5BDC1A9e32D099C5D6BdF67E4cF6e8","usamaahmed#9991","0xED23B82A6b1b0d2e75b87c01B0FDc7fCfb49f456",8
"62c5f7dd262dbd2259e42a7f","2022-04-06T22:00:00.000Z","mafer_cordovas#1034","62b34034cfceab568c5fe11c","0xD5288ED50a195017E5B30595F65091a7767817a4","Yineisy Mota#1449","62b33e7ecfceab568c5fdfea","0x5A227E2919A49f9d4698e9fd2B318EfCd0f16Bda","for helping me with the Wiki issue!! üôè ‚ú®  I definitely won't play in GitHub anymore üòÖ ","DISCORD:776352358832930816:778150291706609703","DISCORD:Commons%20Stack:%F0%9F%99%8F%EF%BD%9Cpraise",8,3,13,,,,false,false,false,"liviade#1387","0xF8D1d34956cEa24718cf8687588D6FeDbc6d9AA6","Yineisy Mota#1449","0x5A227E2919A49f9d4698e9fd2B318EfCd0f16Bda","usamaahmed#9991","0xED23B82A6b1b0d2e75b87c01B0FDc7fCfb49f456",8
"62c5f7dd262dbd2259e42a80","2022-04-08T22:00:00.000Z","ALOYSIOUS#3049","62c5f702cfceab568c67a1d0",,"freshelle#9882","62bdca68cfceab568c6438bb","0x38f80f8f76B1C44B2beeFB63bb561F570fb6ddB6","@KZ Flyer @Yineisy Mota @Gregory | RND for mentioning or retweeting Commons Stack on the socials the past week! Thank you for helping us grow the Commons Stack community and spreading the message! üôèüèºüå± ","DISCORD:776352358832930816:778150291706609703","DISCORD:Commons%20Stack:%F0%9F%99%8F%EF%BD%9Cpraise",3,1,1,,,,false,false,false,"RachaelMalachy#5837","0xA15150D172BA951b4E5a20B2Ca3Cc0Cb0D77d125","Tamarandom#9361","0xcf79C7EaEC5BDC1A9e32D099C5D6BdF67E4cF6e8","usamaahmed#9991","0xED23B82A6b1b0d2e75b87c01B0FDc7fCfb49f456",1.67
"62c5f7dd262dbd2259e42a81","2022-04-08T22:00:00.000Z","AnnAnna#4694","62c5f702cfceab568c67a264","0x9Ef53569800e203C20200256CF134abc675bC8e1","freshelle#9882","62bdca68cfceab568c6438bb","0x38f80f8f76B1C44B2beeFB63bb561F570fb6ddB6","@KZ Flyer @Yineisy Mota @Gregory | RND for mentioning or retweeting Commons Stack on the socials the past week! Thank you for helping us grow the Commons Stack community and spreading the message! üôèüèºüå± ","DISCORD:776352358832930816:778150291706609703","DISCORD:Commons%20Stack:%F0%9F%99%8F%EF%BD%9Cpraise",1,1,1,,,,false,false,false,"mafer_cordovas#1034","0xD5288ED50a195017E5B30595F65091a7767817a4","liviade#1387","0xF8D1d34956cEa24718cf8687588D6FeDbc6d9AA6","Yineisy Mota#1449","0x5A227E2919A49f9d4698e9fd2B318EfCd0f16Bda",1
"62c5f7dd262dbd2259e42a82","2022-04-08T22:00:00.000Z","GideonRo#3175","62c5f702cfceab568c67a21f",,"freshelle#9882","62bdca68cfceab568c6438bb","0x38f80f8f76B1C44B2beeFB63bb561F570fb6ddB6","@KZ Flyer @Yineisy Mota @Gregory | RND for mentioning or retweeting Commons Stack on the socials the past week! Thank you for helping us grow the Commons Stack community and spreading the message! üôèüèºüå± ","DISCORD:776352358832930816:778150291706609703","DISCORD:Commons%20Stack:%F0%9F%99%8F%EF%BD%9Cpraise",1,3,1,,,,false,false,false,"liviade#1387","0xF8D1d34956cEa24718cf8687588D6FeDbc6d9AA6","RachaelMalachy#5837","0xA15150D172BA951b4E5a20B2Ca3Cc0Cb0D77d125","usamaahmed#9991","0xED23B82A6b1b0d2e75b87c01B0FDc7fCfb49f456",1.67
"62c5f7dd262dbd2259e42a83","2022-04-08T22:00:00.000Z","KZ Flyer#0926","62bf3bf9cfceab568c64d40a","0x343EF442adD9bd565D51b606f444F9221AD0Aeb6","freshelle#9882","62bdca68cfceab568c6438bb","0x38f80f8f76B1C44B2beeFB63bb561F570fb6ddB6","@KZ Flyer @Yineisy Mota @Gregory | RND for mentioning or retweeting Commons Stack on the socials the past week! Thank you for helping us grow the Commons Stack community and spreading the message! üôèüèºüå± ","DISCORD:776352358832930816:778150291706609703","DISCORD:Commons%20Stack:%F0%9F%99%8F%EF%BD%9Cpraise",1,1,0,,,,false,false,false,"Yineisy Mota#1449","0x5A227E2919A49f9d4698e9fd2B318EfCd0f16Bda","usamaahmed#9991","0xED23B82A6b1b0d2e75b87c01B0FDc7fCfb49f456","usamaahmed#9991","0xED23B82A6b1b0d2e75b87c01B0FDc7fCfb49f456",1
"62c5f7dd262dbd2259e42a84","2022-04-08T22:00:00.000Z","Kojak#5611","62c5f702cfceab568c67a2a8","0xe3181f4596509af72d684D89947DF309f41F65FF","freshelle#9882","62bdca68cfceab568c6438bb","0x38f80f8f76B1C44B2beeFB63bb561F570fb6ddB6","@KZ Flyer @Yineisy Mota @Gregory | RND for mentioning or retweeting Commons Stack on the socials the past week! Thank you for helping us grow the Commons Stack community and spreading the message! üôèüèºüå± ","DISCORD:776352358832930816:778150291706609703","DISCORD:Commons%20Stack:%F0%9F%99%8F%EF%BD%9Cpraise",1,3,1,,,,false,false,false,"mafer_cordovas#1034","0xD5288ED50a195017E5B30595F65091a7767817a4","RachaelMalachy#5837","0xA15150D172BA951b4E5a20B2Ca3Cc0Cb0D77d125","usamaahmed#9991","0xED23B82A6b1b0d2e75b87c01B0FDc7fCfb49f456",1.67
"62c5f7dd262dbd2259e42a85","2022-04-08T22:00:00.000Z","mafer_cordovas#1034","62b34034cfceab568c5fe11c","0xD5288ED50a195017E5B30595F65091a7767817a4","freshelle#9882","62bdca68cfceab568c6438bb","0x38f80f8f76B1C44B2beeFB63bb561F570fb6ddB6","@KZ Flyer @Yineisy Mota @Gregory | RND for mentioning or retweeting Commons Stack on the socials the past week! Thank you for helping us grow the Commons Stack community and spreading the message! üôèüèºüå± ","DISCORD:776352358832930816:778150291706609703","DISCORD:Commons%20Stack:%F0%9F%99%8F%EF%BD%9Cpraise",1,1,1,,,,false,false,false,"liviade#1387","0xF8D1d34956cEa24718cf8687588D6FeDbc6d9AA6","Yineisy Mota#1449","0x5A227E2919A49f9d4698e9fd2B318EfCd0f16Bda","usamaahmed#9991","0xED23B82A6b1b0d2e75b87c01B0FDc7fCfb49f456",1
"62c5f7dd262dbd2259e42a86","2022-04-08T22:00:00.000Z","shawn#7046","62c5f702cfceab568c67a1d6",,"freshelle#9882","62bdca68cfceab568c6438bb","0x38f80f8f76B1C44B2beeFB63bb561F570fb6ddB6","@KZ Flyer @Yineisy Mota @Gregory | RND for mentioning or retweeting Commons Stack on the socials the past week! Thank you for helping us grow the Commons Stack community and spreading the message! üôèüèºüå± ","DISCORD:776352358832930816:778150291706609703","DISCORD:Commons%20Stack:%F0%9F%99%8F%EF%BD%9Cpraise",1,1,1,,,,false,false,false,"mafer_cordovas#1034","0xD5288ED50a195017E5B30595F65091a7767817a4","Tamarandom#9361","0xcf79C7EaEC5BDC1A9e32D099C5D6BdF67E4cF6e8","Yineisy Mota#1449","0x5A227E2919A49f9d4698e9fd2B318EfCd0f16Bda",1
"62c5f7dd262dbd2259e42a87","2022-04-08T22:00:00.000Z","Yineisy Mota#1449","62b33e7ecfceab568c5fdfea","0x5A227E2919A49f9d4698e9fd2B318EfCd0f16Bda","freshelle#9882","62bdca68cfceab568c6438bb","0x38f80f8f76B1C44B2beeFB63bb561F570fb6ddB6","@KZ Flyer @Yineisy Mota @Gregory | RND for mentioning or retweeting Commons Stack on the socials the past week! Thank you for helping us grow the Commons Stack community and spreading the message! üôèüèºüå± ","DISCORD:776352358832930816:778150291706609703","DISCORD:Commons%20Stack:%F0%9F%99%8F%EF%BD%9Cpraise",1,3,1,,,,false,false,false,"mafer_cordovas#1034","0xD5288ED50a195017E5B30595F65091a7767817a4","RachaelMalachy#5837","0xA15150D172BA951b4E5a20B2Ca3Cc0Cb0D77d125","Tamarandom#9361","0xcf79C7EaEC5BDC1A9e32D099C5D6BdF67E4cF6e8",1.67
"62c5f7dd262dbd2259e42a88","2022-04-08T22:00:00.000Z","zero_2hero#1086","62c5f7ddcfceab568c67a78d","0x45e036dA221032D814A8bF0EF46943f83E95b409","freshelle#9882","62bdca68cfceab568c6438bb","0x38f80f8f76B1C44B2beeFB63bb561F570fb6ddB6","@KZ Flyer @Yineisy Mota @Gregory | RND for mentioning or retweeting Commons Stack on the socials the past week! Thank you for helping us grow the Commons Stack community and spreading the message! üôèüèºüå± ","DISCORD:776352358832930816:778150291706609703","DISCORD:Commons%20Stack:%F0%9F%99%8F%EF%BD%9Cpraise",3,1,1,,,,false,false,false,"RachaelMalachy#5837","0xA15150D172BA951b4E5a20B2Ca3Cc0Cb0D77d125","Yineisy Mota#1449","0x5A227E2919A49f9d4698e9fd2B318EfCd0f16Bda","usamaahmed#9991","0xED23B82A6b1b0d2e75b87c01B0FDc7fCfb49f456",1.67
"62c5f7dd262dbd2259e42a89","2022-04-08T22:00:00.000Z","Gregory | RND#1990","62c5f7ddcfceab568c67a74a",,"freshelle#9882","62bdca68cfceab568c6438bb","0x38f80f8f76B1C44B2beeFB63bb561F570fb6ddB6","@KZ Flyer @Yineisy Mota @Gregory | RND for mentioning or retweeting Commons Stack on the socials the past week! Thank you for helping us grow the Commons Stack community and spreading the message! üôèüèºüå± ","DISCORD:776352358832930816:778150291706609703","DISCORD:Commons%20Stack:%F0%9F%99%8F%EF%BD%9Cpraise",3,1,1,,,,false,false,false,"RachaelMalachy#5837","0xA15150D172BA951b4E5a20B2Ca3Cc0Cb0D77d125","Tamarandom#9361","0xcf79C7EaEC5BDC1A9e32D099C5D6BdF67E4cF6e8","usamaahmed#9991","0xED23B82A6b1b0d2e75b87c01B0FDc7fCfb49f456",1.67
"62c5f7dd262dbd2259e42a8a","2022-04-08T22:00:00.000Z","mercedesrodsim#1317","62bdca99cfceab568c643909",,"freshelle#9882","62bdca68cfceab568c6438bb","0x38f80f8f76B1C44B2beeFB63bb561F570fb6ddB6","@KZ Flyer @Yineisy Mota @Gregory | RND for mentioning or retweeting Commons Stack on the socials the past week! Thank you for helping us grow the Commons Stack community and spreading the message! üôèüèºüå± ","DISCORD:776352358832930816:778150291706609703","DISCORD:Commons%20Stack:%F0%9F%99%8F%EF%BD%9Cpraise",1,1,3,,,,false,false,false,"mafer_cordovas#1034","0xD5288ED50a195017E5B30595F65091a7767817a4","liviade#1387","0xF8D1d34956cEa24718cf8687588D6FeDbc6d9AA6","RachaelMalachy#5837","0xA15150D172BA951b4E5a20B2Ca3Cc0Cb0D77d125",1.67
"62c5f7dd262dbd2259e42a8b","2022-04-09T22:00:00.000Z","Jeremy&TheGospelOfChange#8201","62c5f702cfceab568c67a25f",,"Tamarandom#9361","62b072dbcfceab568c5eaf5e","0xcf79C7EaEC5BDC1A9e32D099C5D6BdF67E4cF6e8","for spending Sunday morning with me drafting the Giveth proposal for funding for Commons Stack. üôåüèΩ ","DISCORD:776352358832930816:778150291706609703","DISCORD:Commons%20Stack:%F0%9F%99%8F%EF%BD%9Cpraise",8,13,8,,,,false,false,false,"mafer_cordovas#1034","0xD5288ED50a195017E5B30595F65091a7767817a4","Tamarandom#9361","0xcf79C7EaEC5BDC1A9e32D099C5D6BdF67E4cF6e8","usamaahmed#9991","0xED23B82A6b1b0d2e75b87c01B0FDc7fCfb49f456",9.67
"62c5f7dd262dbd2259e42a8c","2022-04-09T22:00:00.000Z","mafer_cordovas#1034","62b34034cfceab568c5fe11c","0xD5288ED50a195017E5B30595F65091a7767817a4","Knobelsdorf#0326","62c5f701cfceab568c67a044","0x301605C95acbED7A1fD9C2c0DeEe964e2AFBd0C3","and Doris for being super awesome roommates at the Giveth House! üêù ","DISCORD:776352358832930816:778150291706609703","DISCORD:Commons%20Stack:%F0%9F%99%8F%EF%BD%9Cpraise",5,3,1,,,,false,false,false,"liviade#1387","0xF8D1d34956cEa24718cf8687588D6FeDbc6d9AA6","Yineisy Mota#1449","0x5A227E2919A49f9d4698e9fd2B318EfCd0f16Bda","usamaahmed#9991","0xED23B82A6b1b0d2e75b87c01B0FDc7fCfb49f456",3
"62c5f7dd262dbd2259e42a8d","2022-04-09T22:00:00.000Z","sem(üå∏,üêù)#0161","62c212f0cfceab568c65fffa",,"Knobelsdorf#0326","62c5f701cfceab568c67a044","0x301605C95acbED7A1fD9C2c0DeEe964e2AFBd0C3","and Doris for being super awesome roommates at the Giveth House! üêù ","DISCORD:776352358832930816:778150291706609703","DISCORD:Commons%20Stack:%F0%9F%99%8F%EF%BD%9Cpraise",5,1,1,,,,false,false,false,"liviade#1387","0xF8D1d34956cEa24718cf8687588D6FeDbc6d9AA6","Tamarandom#9361","0xcf79C7EaEC5BDC1A9e32D099C5D6BdF67E4cF6e8","usamaahmed#9991","0xED23B82A6b1b0d2e75b87c01B0FDc7fCfb49f456",2.33
"62c5f7dd262dbd2259e42a8e","2022-04-09T22:00:00.000Z","Zeptimus#3359","62c5f7ddcfceab568c67a770",,"Knobelsdorf#0326","62c5f701cfceab568c67a044","0x301605C95acbED7A1fD9C2c0DeEe964e2AFBd0C3","and Doris for being super awesome roommates at the Giveth House! üêù ","DISCORD:776352358832930816:778150291706609703","DISCORD:Commons%20Stack:%F0%9F%99%8F%EF%BD%9Cpraise",3,5,1,,,,false,false,false,"mafer_cordovas#1034","0xD5288ED50a195017E5B30595F65091a7767817a4","RachaelMalachy#5837","0xA15150D172BA951b4E5a20B2Ca3Cc0Cb0D77d125","Tamarandom#9361","0xcf79C7EaEC5BDC1A9e32D099C5D6BdF67E4cF6e8",3
"62c5f7dd262dbd2259e42a8f","2022-04-10T22:00:00.000Z","pacobacpac#5457","62c5f7ddcfceab568c67a763",,"Yineisy Mota#1449","62b33e7ecfceab568c5fdfea","0x5A227E2919A49f9d4698e9fd2B318EfCd0f16Bda","for reviewing and helping me with the issue on our homepage on the profile pics for the core team and advisors sections! ","DISCORD:776352358832930816:778150291706609703","DISCORD:Commons%20Stack:%F0%9F%99%8F%EF%BD%9Cpraise",5,21,5,,,,false,false,false,"mafer_cordovas#1034","0xD5288ED50a195017E5B30595F65091a7767817a4","RachaelMalachy#5837","0xA15150D172BA951b4E5a20B2Ca3Cc0Cb0D77d125","usamaahmed#9991","0xED23B82A6b1b0d2e75b87c01B0FDc7fCfb49f456",10.33
"62c5f7dd262dbd2259e42a90","2022-04-11T22:00:00.000Z","chuygarcia.eth#6692","62c5f701cfceab568c67a117","0xB22981bA3FE1De2325935c91a3B717168fB86714","Yineisy Mota#1449","62b33e7ecfceab568c5fdfea","0x5A227E2919A49f9d4698e9fd2B318EfCd0f16Bda"," and for helping us keep our channels safe! üî• ","DISCORD:776352358832930816:778150291706609703","DISCORD:Commons%20Stack:%F0%9F%99%8F%EF%BD%9Cpraise",5,1,1,,,,false,false,false,"RachaelMalachy#5837","0xA15150D172BA951b4E5a20B2Ca3Cc0Cb0D77d125","Yineisy Mota#1449","0x5A227E2919A49f9d4698e9fd2B318EfCd0f16Bda","usamaahmed#9991","0xED23B82A6b1b0d2e75b87c01B0FDc7fCfb49f456",2.33
"62c5f7dd262dbd2259e42a91","2022-04-11T22:00:00.000Z","Zeptimus#3359","62c5f7ddcfceab568c67a770",,"Yineisy Mota#1449","62b33e7ecfceab568c5fdfea","0x5A227E2919A49f9d4698e9fd2B318EfCd0f16Bda"," and for helping us keep our channels safe! üî• ","DISCORD:776352358832930816:778150291706609703","DISCORD:Commons%20Stack:%F0%9F%99%8F%EF%BD%9Cpraise",3,8,3,,,,false,false,false,"mafer_cordovas#1034","0xD5288ED50a195017E5B30595F65091a7767817a4","RachaelMalachy#5837","0xA15150D172BA951b4E5a20B2Ca3Cc0Cb0D77d125","Tamarandom#9361","0xcf79C7EaEC5BDC1A9e32D099C5D6BdF67E4cF6e8",4.67
"62c5f7dd262dbd2259e42a92","2022-04-12T22:00:00.000Z","fabiomendes#4802","62c5f7ddcfceab568c67a798",,"kristofer#1475","62b0706ccfceab568c5eae33","0xa32aECda752cF4EF89956e83d60C04835d4FA867","for adding support for the new Trusted Seed Minter contract to the dashboard subgraph, despite having lots of other commitments! ","DISCORD:776352358832930816:778150291706609703","DISCORD:Commons%20Stack:%F0%9F%99%8F%EF%BD%9Cpraise",5,34,8,,,,false,false,false,"mafer_cordovas#1034","0xD5288ED50a195017E5B30595F65091a7767817a4","liviade#1387","0xF8D1d34956cEa24718cf8687588D6FeDbc6d9AA6","usamaahmed#9991","0xED23B82A6b1b0d2e75b87c01B0FDc7fCfb49f456",15.67
"62c5f7dd262dbd2259e42a93","2022-04-12T22:00:00.000Z","dan13ram#7722","62b2d36ecfceab568c5fb3f9",,"kristofer#1475","62b0706ccfceab568c5eae33","0xa32aECda752cF4EF89956e83d60C04835d4FA867","for creating great animated graphics for the Trusted Seed Dashboard. ","DISCORD:776352358832930816:778150291706609703","DISCORD:Commons%20Stack:%F0%9F%99%8F%EF%BD%9Cpraise",8,13,3,,,,false,false,false,"Tamarandom#9361","0xcf79C7EaEC5BDC1A9e32D099C5D6BdF67E4cF6e8","Yineisy Mota#1449","0x5A227E2919A49f9d4698e9fd2B318EfCd0f16Bda","usamaahmed#9991","0xED23B82A6b1b0d2e75b87c01B0FDc7fCfb49f456",8
"62c5f7dd262dbd2259e42a94","2022-04-12T22:00:00.000Z","paxthemax#4454","62c5f7ddcfceab568c67a79b",,"kristofer#1475","62b0706ccfceab568c5eae33","0xa32aECda752cF4EF89956e83d60C04835d4FA867","for building and deploying the new Trusted Seed Minter contract! ","DISCORD:776352358832930816:778150291706609703","DISCORD:Commons%20Stack:%F0%9F%99%8F%EF%BD%9Cpraise",89,34,3,,,,false,false,false,"liviade#1387","0xF8D1d34956cEa24718cf8687588D6FeDbc6d9AA6","RachaelMalachy#5837","0xA15150D172BA951b4E5a20B2Ca3Cc0Cb0D77d125","usamaahmed#9991","0xED23B82A6b1b0d2e75b87c01B0FDc7fCfb49f456",42
"62c5f7dd262dbd2259e42a95","2022-04-17T22:00:00.000Z","Tamarandom#9361","62b072dbcfceab568c5eaf5e","0xcf79C7EaEC5BDC1A9e32D099C5D6BdF67E4cF6e8","liviade#1387","62b3402fcfceab568c5fe0f8","0xF8D1d34956cEa24718cf8687588D6FeDbc6d9AA6","for representing the Commons Stack in Amsterdam with a presentation about the Commons and the Commons Prize! ","DISCORD:776352358832930816:778150291706609703","DISCORD:Commons%20Stack:%F0%9F%99%8F%EF%BD%9Cpraise",0,55,13,"62c5f7dd262dbd2259e42a98",,,false,false,false,"liviade#1387","0xF8D1d34956cEa24718cf8687588D6FeDbc6d9AA6","RachaelMalachy#5837","0xA15150D172BA951b4E5a20B2Ca3Cc0Cb0D77d125","Yineisy Mota#1449","0x5A227E2919A49f9d4698e9fd2B318EfCd0f16Bda",24.88
"62c5f7dd262dbd2259e42a96","2022-04-17T22:00:00.000Z","Tamarandom#9361","62b072dbcfceab568c5eaf5e","0xcf79C7EaEC5BDC1A9e32D099C5D6BdF67E4cF6e8","usamaahmed#9991","62b34032cfceab568c5fe10c","0xED23B82A6b1b0d2e75b87c01B0FDc7fCfb49f456","for having weekly syncs with me and guiding me throughout the commons prize. ","DISCORD:776352358832930816:778150291706609703","DISCORD:Commons%20Stack:%F0%9F%99%8F%EF%BD%9Cpraise",13,5,3,,,,false,false,false,"liviade#1387","0xF8D1d34956cEa24718cf8687588D6FeDbc6d9AA6","RachaelMalachy#5837","0xA15150D172BA951b4E5a20B2Ca3Cc0Cb0D77d125","Yineisy Mota#1449","0x5A227E2919A49f9d4698e9fd2B318EfCd0f16Bda",7
"62c5f7dd262dbd2259e42a97","2022-04-17T22:00:00.000Z","JessicaZartler#2263","62c5f702cfceab568c67a2b6","0xb2821C0DF0c414ff51D3e8033CBA26DF6AaC587b","liviade#1387","62b3402fcfceab568c5fe0f8","0xF8D1d34956cEa24718cf8687588D6FeDbc6d9AA6","for her continuous support with the Regen partnership ","DISCORD:776352358832930816:778150291706609703","DISCORD:Commons%20Stack:%F0%9F%99%8F%EF%BD%9Cpraise",8,13,1,,,,false,false,false,"mafer_cordovas#1034","0xD5288ED50a195017E5B30595F65091a7767817a4","liviade#1387","0xF8D1d34956cEa24718cf8687588D6FeDbc6d9AA6","usamaahmed#9991","0xED23B82A6b1b0d2e75b87c01B0FDc7fCfb49f456",7.33
"62c5f7dd262dbd2259e42a98","2022-04-17T22:00:00.000Z","Tamarandom#9361","62b072dbcfceab568c5eaf5e","0xcf79C7EaEC5BDC1A9e32D099C5D6BdF67E4cF6e8","Yineisy Mota#1449","62b33e7ecfceab568c5fdfea","0x5A227E2919A49f9d4698e9fd2B318EfCd0f16Bda","for representing us in Amsterdam! ","DISCORD:776352358832930816:778150291706609703","DISCORD:Commons%20Stack:%F0%9F%99%8F%EF%BD%9Cpraise",22.1,0,13,,"62c5f7dd262dbd2259e42a95",,false,false,false,"liviade#1387","0xF8D1d34956cEa24718cf8687588D6FeDbc6d9AA6","RachaelMalachy#5837","0xA15150D172BA951b4E5a20B2Ca3Cc0Cb0D77d125","Yineisy Mota#1449","0x5A227E2919A49f9d4698e9fd2B318EfCd0f16Bda",17.2
"62c5f7dd262dbd2259e42a99","2022-04-17T22:00:00.000Z","kristofer#1475","62b0706ccfceab568c5eae33","0xa32aECda752cF4EF89956e83d60C04835d4FA867","liviade#1387","62b3402fcfceab568c5fe0f8","0xF8D1d34956cEa24718cf8687588D6FeDbc6d9AA6","for handling our first praise client! ","DISCORD:776352358832930816:778150291706609703","DISCORD:Commons%20Stack:%F0%9F%99%8F%EF%BD%9Cpraise",5,0,8,,,,false,false,false,"mafer_cordovas#1034","0xD5288ED50a195017E5B30595F65091a7767817a4","mafer_cordovas#1034","0xD5288ED50a195017E5B30595F65091a7767817a4","Tamarandom#9361","0xcf79C7EaEC5BDC1A9e32D099C5D6BdF67E4cF6e8",6.5
"62c5f7dd262dbd2259e42a9a","2022-04-17T22:00:00.000Z","Kris#8703","62c5f7ddcfceab568c67a7a2","0xeC952ED8e7c2AA466cac36fD611D2E87Df1243D7","iviangita#3204","62b33e7bcfceab568c5fdfe3","0xb760FE1bbC4A2752aBCBb28291a57Cb0cA99fF44","for providing their guidance and thoughts about the proposed changes in the Trusted Seed and sharing their time with us ","DISCORD:776352358832930816:778150291706609703","DISCORD:Commons%20Stack:%F0%9F%99%8F%EF%BD%9Cpraise",5,8,0,,,,false,false,false,"mafer_cordovas#1034","0xD5288ED50a195017E5B30595F65091a7767817a4","usamaahmed#9991","0xED23B82A6b1b0d2e75b87c01B0FDc7fCfb49f456","usamaahmed#9991","0xED23B82A6b1b0d2e75b87c01B0FDc7fCfb49f456",6.5
"62c5f7dd262dbd2259e42a9b","2022-04-17T22:00:00.000Z","JeffEmmett#7202","62c5f7ddcfceab568c67a750","0x778549Eb292AC98A96a05E122967f22eFA003707","iviangita#3204","62b33e7bcfceab568c5fdfe3","0xb760FE1bbC4A2752aBCBb28291a57Cb0cA99fF44","for providing their guidance and thoughts about the proposed changes in the Trusted Seed and sharing their time with us ","DISCORD:776352358832930816:778150291706609703","DISCORD:Commons%20Stack:%F0%9F%99%8F%EF%BD%9Cpraise",8,13,5,,,,false,false,false,"mafer_cordovas#1034","0xD5288ED50a195017E5B30595F65091a7767817a4","Tamarandom#9361","0xcf79C7EaEC5BDC1A9e32D099C5D6BdF67E4cF6e8","Yineisy Mota#1449","0x5A227E2919A49f9d4698e9fd2B318EfCd0f16Bda",8.67
"62c5f7dd262dbd2259e42a9c","2022-04-17T22:00:00.000Z","mZ#3472","62c5f7ddcfceab568c67a7a5",,"iviangita#3204","62b33e7bcfceab568c5fdfe3","0xb760FE1bbC4A2752aBCBb28291a57Cb0cA99fF44","for providing their guidance and thoughts about the proposed changes in the Trusted Seed and sharing their time with us ","DISCORD:776352358832930816:778150291706609703","DISCORD:Commons%20Stack:%F0%9F%99%8F%EF%BD%9Cpraise",8,21,55,,,,false,false,false,"mafer_cordovas#1034","0xD5288ED50a195017E5B30595F65091a7767817a4","liviade#1387","0xF8D1d34956cEa24718cf8687588D6FeDbc6d9AA6","usamaahmed#9991","0xED23B82A6b1b0d2e75b87c01B0FDc7fCfb49f456",28
"62c5f7dd262dbd2259e42a9d","2022-04-17T22:00:00.000Z","missgene#7773","62bf3398cfceab568c64d091",,"iviangita#3204","62b33e7bcfceab568c5fdfe3","0xb760FE1bbC4A2752aBCBb28291a57Cb0cA99fF44","for taking notes during the last board meeting ","DISCORD:776352358832930816:778150291706609703","DISCORD:Commons%20Stack:%F0%9F%99%8F%EF%BD%9Cpraise",3,5,5,,,,false,false,false,"mafer_cordovas#1034","0xD5288ED50a195017E5B30595F65091a7767817a4","liviade#1387","0xF8D1d34956cEa24718cf8687588D6FeDbc6d9AA6","RachaelMalachy#5837","0xA15150D172BA951b4E5a20B2Ca3Cc0Cb0D77d125",4.33
"62c5f7dd262dbd2259e42a9e","2022-04-17T22:00:00.000Z","Felipe Duarte#8100","62c5f702cfceab568c67a22f",,"Griff (üíú,üíú)#8888","62b33e97cfceab568c5fdfff","0x839395e20bbB182fa440d08F850E6c7A8f6F0780","@Felipe Duarte Inga and all the other organizers of TheDAOist for putting on an awesome even and inviting us at the last minute ","DISCORD:776352358832930816:778150291706609703","DISCORD:Commons%20Stack:%F0%9F%99%8F%EF%BD%9Cpraise",3,13,21,,,,false,false,false,"mafer_cordovas#1034","0xD5288ED50a195017E5B30595F65091a7767817a4","liviade#1387","0xF8D1d34956cEa24718cf8687588D6FeDbc6d9AA6","Tamarandom#9361","0xcf79C7EaEC5BDC1A9e32D099C5D6BdF67E4cF6e8",12.33
"62c5f7dd262dbd2259e42a9f","2022-04-17T22:00:00.000Z","Guil#8063","62c5f7ddcfceab568c67a7a9",,"Griff (üíú,üíú)#8888","62b33e97cfceab568c5fdfff","0x839395e20bbB182fa440d08F850E6c7A8f6F0780","@Felipe Duarte Inga and all the other organizers of TheDAOist for putting on an awesome even and inviting us at the last minute ","DISCORD:776352358832930816:778150291706609703","DISCORD:Commons%20Stack:%F0%9F%99%8F%EF%BD%9Cpraise",5,21,5,,,,false,false,false,"mafer_cordovas#1034","0xD5288ED50a195017E5B30595F65091a7767817a4","Tamarandom#9361","0xcf79C7EaEC5BDC1A9e32D099C5D6BdF67E4cF6e8","Yineisy Mota#1449","0x5A227E2919A49f9d4698e9fd2B318EfCd0f16Bda",10.33
"62c5f7dd262dbd2259e42aa0","2022-04-17T22:00:00.000Z","Tamarandom#9361","62b072dbcfceab568c5eaf5e","0xcf79C7EaEC5BDC1A9e32D099C5D6BdF67E4cF6e8","iviangita#3204","62b33e7bcfceab568c5fdfe3","0xb760FE1bbC4A2752aBCBb28291a57Cb0cA99fF44","for her ongoing talk at The DAOist and for representing Commons Stack ","DISCORD:776352358832930816:778150291706609703","DISCORD:Commons%20Stack:%F0%9F%99%8F%EF%BD%9Cpraise",0,55,0,"62c5f7dd262dbd2259e42a98",,"62c5f7dd262dbd2259e42a95",false,false,false,"liviade#1387","0xF8D1d34956cEa24718cf8687588D6FeDbc6d9AA6","RachaelMalachy#5837","0xA15150D172BA951b4E5a20B2Ca3Cc0Cb0D77d125","Yineisy Mota#1449","0x5A227E2919A49f9d4698e9fd2B318EfCd0f16Bda",21.84
"62c5f7dd262dbd2259e42aa1","2022-04-17T22:00:00.000Z","mafer_cordovas#1034","62b34034cfceab568c5fe11c","0xD5288ED50a195017E5B30595F65091a7767817a4","iviangita#3204","62b33e7bcfceab568c5fdfe3","0xb760FE1bbC4A2752aBCBb28291a57Cb0cA99fF44","@Max Semenchuk for representing Commons Stack in Amsterdam as well ","DISCORD:776352358832930816:778150291706609703","DISCORD:Commons%20Stack:%F0%9F%99%8F%EF%BD%9Cpraise",20.11,13,8,,,,false,false,false,"liviade#1387","0xF8D1d34956cEa24718cf8687588D6FeDbc6d9AA6","Yineisy Mota#1449","0x5A227E2919A49f9d4698e9fd2B318EfCd0f16Bda","usamaahmed#9991","0xED23B82A6b1b0d2e75b87c01B0FDc7fCfb49f456",13.7
"62c5f7dd262dbd2259e42aa2","2022-04-17T22:00:00.000Z","Max Semenchuk#3335","62c5f702cfceab568c67a274","0xB950e0E108546743Af96eB493D4FF2AbC63816dB","iviangita#3204","62b33e7bcfceab568c5fdfe3","0xb760FE1bbC4A2752aBCBb28291a57Cb0cA99fF44","@Max Semenchuk for representing Commons Stack in Amsterdam as well ","DISCORD:776352358832930816:778150291706609703","DISCORD:Commons%20Stack:%F0%9F%99%8F%EF%BD%9Cpraise",0,8,3,"62c5f7dd262dbd2259e42aac",,,false,false,false,"RachaelMalachy#5837","0xA15150D172BA951b4E5a20B2Ca3Cc0Cb0D77d125","Tamarandom#9361","0xcf79C7EaEC5BDC1A9e32D099C5D6BdF67E4cF6e8","usamaahmed#9991","0xED23B82A6b1b0d2e75b87c01B0FDc7fCfb49f456",7.07
"62c5f7dd262dbd2259e42aa3","2022-04-17T22:00:00.000Z","usamaahmed#9991","62b34032cfceab568c5fe10c","0xED23B82A6b1b0d2e75b87c01B0FDc7fCfb49f456","Yineisy Mota#1449","62b33e7ecfceab568c5fdfea","0x5A227E2919A49f9d4698e9fd2B318EfCd0f16Bda","for helping me to review important content pieces for our ongoing campaigns ","DISCORD:776352358832930816:778150291706609703","DISCORD:Commons%20Stack:%F0%9F%99%8F%EF%BD%9Cpraise",8,5,3,,,,false,false,false,"RachaelMalachy#5837","0xA15150D172BA951b4E5a20B2Ca3Cc0Cb0D77d125","Tamarandom#9361","0xcf79C7EaEC5BDC1A9e32D099C5D6BdF67E4cF6e8","Yineisy Mota#1449","0x5A227E2919A49f9d4698e9fd2B318EfCd0f16Bda",5.33
"62c5f7dd262dbd2259e42aa4","2022-04-17T22:00:00.000Z","mafer_cordovas#1034","62b34034cfceab568c5fe11c","0xD5288ED50a195017E5B30595F65091a7767817a4","liviade#1387","62b3402fcfceab568c5fe0f8","0xF8D1d34956cEa24718cf8687588D6FeDbc6d9AA6","for getting ready to live stream Tam's talk at the DAOist so we can watch it soon! ","DISCORD:776352358832930816:778150291706609703","DISCORD:Commons%20Stack:%F0%9F%99%8F%EF%BD%9Cpraise",8,13,8,,,,false,false,false,"liviade#1387","0xF8D1d34956cEa24718cf8687588D6FeDbc6d9AA6","Yineisy Mota#1449","0x5A227E2919A49f9d4698e9fd2B318EfCd0f16Bda","usamaahmed#9991","0xED23B82A6b1b0d2e75b87c01B0FDc7fCfb49f456",9.67
"62c5f7dd262dbd2259e42aa5","2022-04-17T22:00:00.000Z","Max Semenchuk#3335","62c5f702cfceab568c67a274","0xB950e0E108546743Af96eB493D4FF2AbC63816dB","Griff (üíú,üíú)#8888","62b33e97cfceab568c5fdfff","0x839395e20bbB182fa440d08F850E6c7A8f6F0780","@Max Semenchuk for heading to Amsterdam and representing us and the Trusted Seed! ","DISCORD:776352358832930816:778150291706609703","DISCORD:Commons%20Stack:%F0%9F%99%8F%EF%BD%9Cpraise",0,8,0,"62c5f7dd262dbd2259e42aac",,"62c5f7dd262dbd2259e42aa2",false,false,false,"RachaelMalachy#5837","0xA15150D172BA951b4E5a20B2Ca3Cc0Cb0D77d125","Tamarandom#9361","0xcf79C7EaEC5BDC1A9e32D099C5D6BdF67E4cF6e8","usamaahmed#9991","0xED23B82A6b1b0d2e75b87c01B0FDc7fCfb49f456",6.37
"62c5f7dd262dbd2259e42aa6","2022-04-17T22:00:00.000Z","mafer_cordovas#1034","62b34034cfceab568c5fe11c","0xD5288ED50a195017E5B30595F65091a7767817a4","Griff (üíú,üíú)#8888","62b33e97cfceab568c5fdfff","0x839395e20bbB182fa440d08F850E6c7A8f6F0780","@Max Semenchuk for heading to Amsterdam and representing us and the Trusted Seed! ","DISCORD:776352358832930816:778150291706609703","DISCORD:Commons%20Stack:%F0%9F%99%8F%EF%BD%9Cpraise",0,0,5,"62c5f7dd262dbd2259e42aa1","62c5f7dd262dbd2259e42aa1",,false,false,false,"liviade#1387","0xF8D1d34956cEa24718cf8687588D6FeDbc6d9AA6","Yineisy Mota#1449","0x5A227E2919A49f9d4698e9fd2B318EfCd0f16Bda","usamaahmed#9991","0xED23B82A6b1b0d2e75b87c01B0FDc7fCfb49f456",4.98
"62c5f7dd262dbd2259e42aa7","2022-04-17T22:00:00.000Z","Tamarandom#9361","62b072dbcfceab568c5eaf5e","0xcf79C7EaEC5BDC1A9e32D099C5D6BdF67E4cF6e8","Griff (üíú,üíú)#8888","62b33e97cfceab568c5fdfff","0x839395e20bbB182fa440d08F850E6c7A8f6F0780","@Max Semenchuk for heading to Amsterdam and representing us and the Trusted Seed! ","DISCORD:776352358832930816:778150291706609703","DISCORD:Commons%20Stack:%F0%9F%99%8F%EF%BD%9Cpraise",0,0,0,"62c5f7dd262dbd2259e42a98","62c5f7dd262dbd2259e42a95","62c5f7dd262dbd2259e42a95",false,false,false,"liviade#1387","0xF8D1d34956cEa24718cf8687588D6FeDbc6d9AA6","RachaelMalachy#5837","0xA15150D172BA951b4E5a20B2Ca3Cc0Cb0D77d125","Yineisy Mota#1449","0x5A227E2919A49f9d4698e9fd2B318EfCd0f16Bda",9.01
"62c5f7dd262dbd2259e42aa8","2022-04-17T22:00:00.000Z","kristofer#1475","62b0706ccfceab568c5eae33","0xa32aECda752cF4EF89956e83d60C04835d4FA867","Griff (üíú,üíú)#8888","62b33e97cfceab568c5fdfff","0x839395e20bbB182fa440d08F850E6c7A8f6F0780","@Max Semenchuk for heading to Amsterdam and representing us and the Trusted Seed! ","DISCORD:776352358832930816:778150291706609703","DISCORD:Commons%20Stack:%F0%9F%99%8F%EF%BD%9Cpraise",21,0,8,,,,false,false,false,"mafer_cordovas#1034","0xD5288ED50a195017E5B30595F65091a7767817a4","mafer_cordovas#1034","0xD5288ED50a195017E5B30595F65091a7767817a4","Tamarandom#9361","0xcf79C7EaEC5BDC1A9e32D099C5D6BdF67E4cF6e8",14.5
"62c5f7dd262dbd2259e42aa9","2022-04-17T22:00:00.000Z","Rodricast#1415","62b9d248cfceab568c6296d8",,"iviangita#3204","62b33e7bcfceab568c5fdfe3","0xb760FE1bbC4A2752aBCBb28291a57Cb0cA99fF44","for their continuous support in our graphics ","DISCORD:776352358832930816:778150291706609703","DISCORD:Commons%20Stack:%F0%9F%99%8F%EF%BD%9Cpraise",8,8,8,,,,false,false,false,"mafer_cordovas#1034","0xD5288ED50a195017E5B30595F65091a7767817a4","RachaelMalachy#5837","0xA15150D172BA951b4E5a20B2Ca3Cc0Cb0D77d125","Yineisy Mota#1449","0x5A227E2919A49f9d4698e9fd2B318EfCd0f16Bda",8
"62c5f7dd262dbd2259e42aaa","2022-04-17T22:00:00.000Z","markop#2007","62c5f701cfceab568c67a0a8",,"iviangita#3204","62b33e7bcfceab568c5fdfe3","0xb760FE1bbC4A2752aBCBb28291a57Cb0cA99fF44","for their continuous support in our graphics ","DISCORD:776352358832930816:778150291706609703","DISCORD:Commons%20Stack:%F0%9F%99%8F%EF%BD%9Cpraise",8,5,1,,,,false,false,false,"RachaelMalachy#5837","0xA15150D172BA951b4E5a20B2Ca3Cc0Cb0D77d125","Tamarandom#9361","0xcf79C7EaEC5BDC1A9e32D099C5D6BdF67E4cF6e8","usamaahmed#9991","0xED23B82A6b1b0d2e75b87c01B0FDc7fCfb49f456",4.67
"62c5f7dd262dbd2259e42aab","2022-04-17T22:00:00.000Z","Griff (üíú,üíú)#8888","62b33e97cfceab568c5fdfff","0x839395e20bbB182fa440d08F850E6c7A8f6F0780","usamaahmed#9991","62b34032cfceab568c5fe10c","0xED23B82A6b1b0d2e75b87c01B0FDc7fCfb49f456","@griff (üíú, üíú) for having patience with the ABC article ","DISCORD:776352358832930816:778150291706609703","DISCORD:Commons%20Stack:%F0%9F%99%8F%EF%BD%9Cpraise",3,3,1,,,,false,false,false,"mafer_cordovas#1034","0xD5288ED50a195017E5B30595F65091a7767817a4","Tamarandom#9361","0xcf79C7EaEC5BDC1A9e32D099C5D6BdF67E4cF6e8","usamaahmed#9991","0xED23B82A6b1b0d2e75b87c01B0FDc7fCfb49f456",2.33
"62c5f7dd262dbd2259e42aac","2022-04-17T22:00:00.000Z","Max Semenchuk#3335","62c5f702cfceab568c67a274","0xB950e0E108546743Af96eB493D4FF2AbC63816dB","Yineisy Mota#1449","62b33e7ecfceab568c5fdfea","0x5A227E2919A49f9d4698e9fd2B318EfCd0f16Bda","@Max Semenchuk    for heading to Amsterdam and representing us and the Trusted Seed! ","DISCORD:776352358832930816:778150291706609703","DISCORD:Commons%20Stack:%F0%9F%99%8F%EF%BD%9Cpraise",34,8,0,,,"62c5f7dd262dbd2259e42aa2",false,false,false,"RachaelMalachy#5837","0xA15150D172BA951b4E5a20B2Ca3Cc0Cb0D77d125","Tamarandom#9361","0xcf79C7EaEC5BDC1A9e32D099C5D6BdF67E4cF6e8","usamaahmed#9991","0xED23B82A6b1b0d2e75b87c01B0FDc7fCfb49f456",14.3
"62c5f7dd262dbd2259e42aad","2022-04-17T22:00:00.000Z","mafer_cordovas#1034","62b34034cfceab568c5fe11c","0xD5288ED50a195017E5B30595F65091a7767817a4","Yineisy Mota#1449","62b33e7ecfceab568c5fdfea","0x5A227E2919A49f9d4698e9fd2B318EfCd0f16Bda","@Max Semenchuk    for heading to Amsterdam and representing us and the Trusted Seed! ","DISCORD:776352358832930816:778150291706609703","DISCORD:Commons%20Stack:%F0%9F%99%8F%EF%BD%9Cpraise",0,0,0,"62c5f7dd262dbd2259e42aa1","62c5f7dd262dbd2259e42aa1","62c5f7dd262dbd2259e42aa6",false,false,false,"liviade#1387","0xF8D1d34956cEa24718cf8687588D6FeDbc6d9AA6","Yineisy Mota#1449","0x5A227E2919A49f9d4698e9fd2B318EfCd0f16Bda","usamaahmed#9991","0xED23B82A6b1b0d2e75b87c01B0FDc7fCfb49f456",3.81
"62c5f7dd262dbd2259e42aae","2022-04-17T22:00:00.000Z","Tamarandom#9361","62b072dbcfceab568c5eaf5e","0xcf79C7EaEC5BDC1A9e32D099C5D6BdF67E4cF6e8","Yineisy Mota#1449","62b33e7ecfceab568c5fdfea","0x5A227E2919A49f9d4698e9fd2B318EfCd0f16Bda","@Max Semenchuk    for heading to Amsterdam and representing us and the Trusted Seed! ","DISCORD:776352358832930816:778150291706609703","DISCORD:Commons%20Stack:%F0%9F%99%8F%EF%BD%9Cpraise",0,0,0,"62c5f7dd262dbd2259e42a98","62c5f7dd262dbd2259e42a95","62c5f7dd262dbd2259e42a95",false,false,false,"liviade#1387","0xF8D1d34956cEa24718cf8687588D6FeDbc6d9AA6","RachaelMalachy#5837","0xA15150D172BA951b4E5a20B2Ca3Cc0Cb0D77d125","Yineisy Mota#1449","0x5A227E2919A49f9d4698e9fd2B318EfCd0f16Bda",9.01
"62c5f7dd262dbd2259e42aaf","2022-04-17T22:00:00.000Z","kristofer#1475","62b0706ccfceab568c5eae33","0xa32aECda752cF4EF89956e83d60C04835d4FA867","Yineisy Mota#1449","62b33e7ecfceab568c5fdfea","0x5A227E2919A49f9d4698e9fd2B318EfCd0f16Bda","@Max Semenchuk    for heading to Amsterdam and representing us and the Trusted Seed! ","DISCORD:776352358832930816:778150291706609703","DISCORD:Commons%20Stack:%F0%9F%99%8F%EF%BD%9Cpraise",5,0,8,,,,false,false,false,"mafer_cordovas#1034","0xD5288ED50a195017E5B30595F65091a7767817a4","mafer_cordovas#1034","0xD5288ED50a195017E5B30595F65091a7767817a4","Tamarandom#9361","0xcf79C7EaEC5BDC1A9e32D099C5D6BdF67E4cF6e8",6.5
"62c5f7dd262dbd2259e42ab0","2022-04-17T22:00:00.000Z","Griff (üíú,üíú)#8888","62b33e97cfceab568c5fdfff","0x839395e20bbB182fa440d08F850E6c7A8f6F0780","Yineisy Mota#1449","62b33e7ecfceab568c5fdfea","0x5A227E2919A49f9d4698e9fd2B318EfCd0f16Bda","@griff (üíú, üíú) for being the moderator and co-host respectively during our Commons Prize AMA Twitter space! ","DISCORD:776352358832930816:778150291706609703","DISCORD:Commons%20Stack:%F0%9F%99%8F%EF%BD%9Cpraise",3,21,5,,,,false,false,false,"mafer_cordovas#1034","0xD5288ED50a195017E5B30595F65091a7767817a4","Tamarandom#9361","0xcf79C7EaEC5BDC1A9e32D099C5D6BdF67E4cF6e8","usamaahmed#9991","0xED23B82A6b1b0d2e75b87c01B0FDc7fCfb49f456",9.67
"62c5f7dd262dbd2259e42ab1","2022-04-17T22:00:00.000Z","Tamarandom#9361","62b072dbcfceab568c5eaf5e","0xcf79C7EaEC5BDC1A9e32D099C5D6BdF67E4cF6e8","Yineisy Mota#1449","62b33e7ecfceab568c5fdfea","0x5A227E2919A49f9d4698e9fd2B318EfCd0f16Bda","@griff (üíú, üíú) for being the moderator and co-host respectively during our Commons Prize AMA Twitter space! ","DISCORD:776352358832930816:778150291706609703","DISCORD:Commons%20Stack:%F0%9F%99%8F%EF%BD%9Cpraise",21,34,3,,,,false,false,false,"liviade#1387","0xF8D1d34956cEa24718cf8687588D6FeDbc6d9AA6","RachaelMalachy#5837","0xA15150D172BA951b4E5a20B2Ca3Cc0Cb0D77d125","Yineisy Mota#1449","0x5A227E2919A49f9d4698e9fd2B318EfCd0f16Bda",19.33
"62c5f7dd262dbd2259e42ab2","2022-04-17T22:00:00.000Z","iviangita#3204","62b33e7bcfceab568c5fdfe3","0xb760FE1bbC4A2752aBCBb28291a57Cb0cA99fF44","Yineisy Mota#1449","62b33e7ecfceab568c5fdfea","0x5A227E2919A49f9d4698e9fd2B318EfCd0f16Bda","for hosting Commons Prize AMA Twitter space and supporting the activity! ","DISCORD:776352358832930816:778150291706609703","DISCORD:Commons%20Stack:%F0%9F%99%8F%EF%BD%9Cpraise",21,21,3,,,,false,false,false,"liviade#1387","0xF8D1d34956cEa24718cf8687588D6FeDbc6d9AA6","RachaelMalachy#5837","0xA15150D172BA951b4E5a20B2Ca3Cc0Cb0D77d125","Yineisy Mota#1449","0x5A227E2919A49f9d4698e9fd2B318EfCd0f16Bda",15
"62c5f7dd262dbd2259e42ab3","2022-04-17T22:00:00.000Z","liviade#1387","62b3402fcfceab568c5fe0f8","0xF8D1d34956cEa24718cf8687588D6FeDbc6d9AA6","Yineisy Mota#1449","62b33e7ecfceab568c5fdfea","0x5A227E2919A49f9d4698e9fd2B318EfCd0f16Bda","for joining the Commons Prize AMA Twitter space as a speaker! ‚ú® ","DISCORD:776352358832930816:778150291706609703","DISCORD:Commons%20Stack:%F0%9F%99%8F%EF%BD%9Cpraise",3,8,3,,,,false,false,false,"mafer_cordovas#1034","0xD5288ED50a195017E5B30595F65091a7767817a4","Tamarandom#9361","0xcf79C7EaEC5BDC1A9e32D099C5D6BdF67E4cF6e8","usamaahmed#9991","0xED23B82A6b1b0d2e75b87c01B0FDc7fCfb49f456",4.67
"62c5f7dd262dbd2259e42ab4","2022-04-18T22:00:00.000Z","r33pich33p#6906","62c5f7ddcfceab568c67a7bf","0x4318cC449b1cbE6d64dd82E16abE58C79E076C2B","freshelle#9882","62bdca68cfceab568c6438bb","0x38f80f8f76B1C44B2beeFB63bb561F570fb6ddB6","@Yineisy Mota @usamaahmed@AmwFund for mentioning or retweeting Commons Stack on the socials the past week! Thank you for helping us grow the Commons Stack community and spreading the message! üôèüèºüå± ","DISCORD:776352358832930816:778150291706609703","DISCORD:Commons%20Stack:%F0%9F%99%8F%EF%BD%9Cpraise",1,3,1,,,,false,false,false,"mafer_cordovas#1034","0xD5288ED50a195017E5B30595F65091a7767817a4","RachaelMalachy#5837","0xA15150D172BA951b4E5a20B2Ca3Cc0Cb0D77d125","Yineisy Mota#1449","0x5A227E2919A49f9d4698e9fd2B318EfCd0f16Bda",1.67
"62c5f7dd262dbd2259e42ab5","2022-04-18T22:00:00.000Z","GideonRo#3175","62c5f702cfceab568c67a21f",,"freshelle#9882","62bdca68cfceab568c6438bb","0x38f80f8f76B1C44B2beeFB63bb561F570fb6ddB6","@Yineisy Mota @usamaahmed@AmwFund for mentioning or retweeting Commons Stack on the socials the past week! Thank you for helping us grow the Commons Stack community and spreading the message! üôèüèºüå± ","DISCORD:776352358832930816:778150291706609703","DISCORD:Commons%20Stack:%F0%9F%99%8F%EF%BD%9Cpraise",1,3,1,,,,false,false,false,"liviade#1387","0xF8D1d34956cEa24718cf8687588D6FeDbc6d9AA6","RachaelMalachy#5837","0xA15150D172BA951b4E5a20B2Ca3Cc0Cb0D77d125","usamaahmed#9991","0xED23B82A6b1b0d2e75b87c01B0FDc7fCfb49f456",1.67
"62c5f7dd262dbd2259e42ab6","2022-04-18T22:00:00.000Z","mafer_cordovas#1034","62b34034cfceab568c5fe11c","0xD5288ED50a195017E5B30595F65091a7767817a4","freshelle#9882","62bdca68cfceab568c6438bb","0x38f80f8f76B1C44B2beeFB63bb561F570fb6ddB6","@Yineisy Mota @usamaahmed@AmwFund for mentioning or retweeting Commons Stack on the socials the past week! Thank you for helping us grow the Commons Stack community and spreading the message! üôèüèºüå± ","DISCORD:776352358832930816:778150291706609703","DISCORD:Commons%20Stack:%F0%9F%99%8F%EF%BD%9Cpraise",1,0,1,,"62c5f7dd262dbd2259e42a85",,false,false,false,"liviade#1387","0xF8D1d34956cEa24718cf8687588D6FeDbc6d9AA6","Yineisy Mota#1449","0x5A227E2919A49f9d4698e9fd2B318EfCd0f16Bda","usamaahmed#9991","0xED23B82A6b1b0d2e75b87c01B0FDc7fCfb49f456",0.77
"62c5f7dd262dbd2259e42ab7","2022-04-18T22:00:00.000Z","shawn#7046","62c5f702cfceab568c67a1d6",,"freshelle#9882","62bdca68cfceab568c6438bb","0x38f80f8f76B1C44B2beeFB63bb561F570fb6ddB6","@Yineisy Mota @usamaahmed@AmwFund for mentioning or retweeting Commons Stack on the socials the past week! Thank you for helping us grow the Commons Stack community and spreading the message! üôèüèºüå± ","DISCORD:776352358832930816:778150291706609703","DISCORD:Commons%20Stack:%F0%9F%99%8F%EF%BD%9Cpraise",1,1,1,,,,false,false,false,"mafer_cordovas#1034","0xD5288ED50a195017E5B30595F65091a7767817a4","Tamarandom#9361","0xcf79C7EaEC5BDC1A9e32D099C5D6BdF67E4cF6e8","Yineisy Mota#1449","0x5A227E2919A49f9d4698e9fd2B318EfCd0f16Bda",1
"62c5f7dd262dbd2259e42ab8","2022-04-18T22:00:00.000Z","sidcode#1729","62c5f7ddcfceab568c67a7c5",,"freshelle#9882","62bdca68cfceab568c6438bb","0x38f80f8f76B1C44B2beeFB63bb561F570fb6ddB6","@Yineisy Mota @usamaahmed@AmwFund for mentioning or retweeting Commons Stack on the socials the past week! Thank you for helping us grow the Commons Stack community and spreading the message! üôèüèºüå± ","DISCORD:776352358832930816:778150291706609703","DISCORD:Commons%20Stack:%F0%9F%99%8F%EF%BD%9Cpraise",1,1,1,,,,false,false,false,"mafer_cordovas#1034","0xD5288ED50a195017E5B30595F65091a7767817a4","liviade#1387","0xF8D1d34956cEa24718cf8687588D6FeDbc6d9AA6","Tamarandom#9361","0xcf79C7EaEC5BDC1A9e32D099C5D6BdF67E4cF6e8",1
"62c5f7dd262dbd2259e42ab9","2022-04-18T22:00:00.000Z","Yineisy Mota#1449","62b33e7ecfceab568c5fdfea","0x5A227E2919A49f9d4698e9fd2B318EfCd0f16Bda","freshelle#9882","62bdca68cfceab568c6438bb","0x38f80f8f76B1C44B2beeFB63bb561F570fb6ddB6","@Yineisy Mota @usamaahmed@AmwFund for mentioning or retweeting Commons Stack on the socials the past week! Thank you for helping us grow the Commons Stack community and spreading the message! üôèüèºüå± ","DISCORD:776352358832930816:778150291706609703","DISCORD:Commons%20Stack:%F0%9F%99%8F%EF%BD%9Cpraise",1,3,1,,,,false,false,false,"mafer_cordovas#1034","0xD5288ED50a195017E5B30595F65091a7767817a4","RachaelMalachy#5837","0xA15150D172BA951b4E5a20B2Ca3Cc0Cb0D77d125","Tamarandom#9361","0xcf79C7EaEC5BDC1A9e32D099C5D6BdF67E4cF6e8",1.67
"62c5f7dd262dbd2259e42aba","2022-04-18T22:00:00.000Z","logonaut.eth#9437","62bdca8dcfceab568c6438d7","0xB0CCf43adA6CBaA26dcf4907117b496d49f74242","freshelle#9882","62bdca68cfceab568c6438bb","0x38f80f8f76B1C44B2beeFB63bb561F570fb6ddB6","@Yineisy Mota @usamaahmed@AmwFund for mentioning or retweeting Commons Stack on the socials the past week! Thank you for helping us grow the Commons Stack community and spreading the message! üôèüèºüå± ","DISCORD:776352358832930816:778150291706609703","DISCORD:Commons%20Stack:%F0%9F%99%8F%EF%BD%9Cpraise",1,1,1,,,,false,false,false,"liviade#1387","0xF8D1d34956cEa24718cf8687588D6FeDbc6d9AA6","Tamarandom#9361","0xcf79C7EaEC5BDC1A9e32D099C5D6BdF67E4cF6e8","usamaahmed#9991","0xED23B82A6b1b0d2e75b87c01B0FDc7fCfb49f456",1
"62c5f7dd262dbd2259e42abb","2022-04-18T22:00:00.000Z","thiago.rossi#1714","62c5f700cfceab568c679f3c",,"freshelle#9882","62bdca68cfceab568c6438bb","0x38f80f8f76B1C44B2beeFB63bb561F570fb6ddB6","@Yineisy Mota @usamaahmed@AmwFund for mentioning or retweeting Commons Stack on the socials the past week! Thank you for helping us grow the Commons Stack community and spreading the message! üôèüèºüå± ","DISCORD:776352358832930816:778150291706609703","DISCORD:Commons%20Stack:%F0%9F%99%8F%EF%BD%9Cpraise",1,0,1,,,,false,false,false,"mafer_cordovas#1034","0xD5288ED50a195017E5B30595F65091a7767817a4","mafer_cordovas#1034","0xD5288ED50a195017E5B30595F65091a7767817a4","Tamarandom#9361","0xcf79C7EaEC5BDC1A9e32D099C5D6BdF67E4cF6e8",1
"62c5f7dd262dbd2259e42abc","2022-04-18T22:00:00.000Z","usamaahmed#9991","62b34032cfceab568c5fe10c","0xED23B82A6b1b0d2e75b87c01B0FDc7fCfb49f456","freshelle#9882","62bdca68cfceab568c6438bb","0x38f80f8f76B1C44B2beeFB63bb561F570fb6ddB6","@Yineisy Mota @usamaahmed@AmwFund for mentioning or retweeting Commons Stack on the socials the past week! Thank you for helping us grow the Commons Stack community and spreading the message! üôèüèºüå± ","DISCORD:776352358832930816:778150291706609703","DISCORD:Commons%20Stack:%F0%9F%99%8F%EF%BD%9Cpraise",3,1,1,,,,false,false,false,"RachaelMalachy#5837","0xA15150D172BA951b4E5a20B2Ca3Cc0Cb0D77d125","Tamarandom#9361","0xcf79C7EaEC5BDC1A9e32D099C5D6BdF67E4cF6e8","Yineisy Mota#1449","0x5A227E2919A49f9d4698e9fd2B318EfCd0f16Bda",1.67
"62c5f7dd262dbd2259e42abd","2022-04-18T22:00:00.000Z","AmwFund#0979","62bdca92cfceab568c6438ed","0x536c7E8F18D09d04697E0d2624b44bBA575388c2","freshelle#9882","62bdca68cfceab568c6438bb","0x38f80f8f76B1C44B2beeFB63bb561F570fb6ddB6","@Yineisy Mota @usamaahmed@AmwFund for mentioning or retweeting Commons Stack on the socials the past week! Thank you for helping us grow the Commons Stack community and spreading the message! üôèüèºüå± ","DISCORD:776352358832930816:778150291706609703","DISCORD:Commons%20Stack:%F0%9F%99%8F%EF%BD%9Cpraise",1,1,1,,,,false,false,false,"mafer_cordovas#1034","0xD5288ED50a195017E5B30595F65091a7767817a4","liviade#1387","0xF8D1d34956cEa24718cf8687588D6FeDbc6d9AA6","Yineisy Mota#1449","0x5A227E2919A49f9d4698e9fd2B318EfCd0f16Bda",1
"62c5f7dd262dbd2259e42abe","2022-04-18T22:00:00.000Z","Jeremy&TheGospelOfChange#8201","62c5f702cfceab568c67a25f",,"freshelle#9882","62bdca68cfceab568c6438bb","0x38f80f8f76B1C44B2beeFB63bb561F570fb6ddB6","@Yineisy Mota @usamaahmed@AmwFund for mentioning or retweeting Commons Stack on the socials the past week! Thank you for helping us grow the Commons Stack community and spreading the message! üôèüèºüå± ","DISCORD:776352358832930816:778150291706609703","DISCORD:Commons%20Stack:%F0%9F%99%8F%EF%BD%9Cpraise",1,1,1,,,,false,false,false,"mafer_cordovas#1034","0xD5288ED50a195017E5B30595F65091a7767817a4","Tamarandom#9361","0xcf79C7EaEC5BDC1A9e32D099C5D6BdF67E4cF6e8","usamaahmed#9991","0xED23B82A6b1b0d2e75b87c01B0FDc7fCfb49f456",1
"62c5f7dd262dbd2259e42abf","2022-04-18T22:00:00.000Z","BOILŒûR(Chris)#8898","62c5f7ddcfceab568c67a7cd",,"freshelle#9882","62bdca68cfceab568c6438bb","0x38f80f8f76B1C44B2beeFB63bb561F570fb6ddB6","@Yineisy Mota @usamaahmed@AmwFund for mentioning or retweeting Commons Stack on the socials the past week! Thank you for helping us grow the Commons Stack community and spreading the message! üôèüèºüå± ","DISCORD:776352358832930816:778150291706609703","DISCORD:Commons%20Stack:%F0%9F%99%8F%EF%BD%9Cpraise",1,1,1,,,,false,false,false,"mafer_cordovas#1034","0xD5288ED50a195017E5B30595F65091a7767817a4","Tamarandom#9361","0xcf79C7EaEC5BDC1A9e32D099C5D6BdF67E4cF6e8","Yineisy Mota#1449","0x5A227E2919A49f9d4698e9fd2B318EfCd0f16Bda",1
"62c5f7dd262dbd2259e42ac0","2022-04-18T22:00:00.000Z","bitsikka#8855","62c5f7ddcfceab568c67a7cf",,"freshelle#9882","62bdca68cfceab568c6438bb","0x38f80f8f76B1C44B2beeFB63bb561F570fb6ddB6","@Yineisy Mota @usamaahmed@AmwFund for mentioning or retweeting Commons Stack on the socials the past week! Thank you for helping us grow the Commons Stack community and spreading the message! üôèüèºüå± ","DISCORD:776352358832930816:778150291706609703","DISCORD:Commons%20Stack:%F0%9F%99%8F%EF%BD%9Cpraise",1,1,1,,,,false,false,false,"liviade#1387","0xF8D1d34956cEa24718cf8687588D6FeDbc6d9AA6","Tamarandom#9361","0xcf79C7EaEC5BDC1A9e32D099C5D6BdF67E4cF6e8","Yineisy Mota#1449","0x5A227E2919A49f9d4698e9fd2B318EfCd0f16Bda",1
"62c5f7dd262dbd2259e42ac1","2022-04-18T22:00:00.000Z","okiave#1328","62c5f7ddcfceab568c67a7d1",,"freshelle#9882","62bdca68cfceab568c6438bb","0x38f80f8f76B1C44B2beeFB63bb561F570fb6ddB6","@Yineisy Mota @usamaahmed@AmwFund for mentioning or retweeting Commons Stack on the socials the past week! Thank you for helping us grow the Commons Stack community and spreading the message! üôèüèºüå± ","DISCORD:776352358832930816:778150291706609703","DISCORD:Commons%20Stack:%F0%9F%99%8F%EF%BD%9Cpraise",1,3,1,,,,false,false,false,"liviade#1387","0xF8D1d34956cEa24718cf8687588D6FeDbc6d9AA6","RachaelMalachy#5837","0xA15150D172BA951b4E5a20B2Ca3Cc0Cb0D77d125","usamaahmed#9991","0xED23B82A6b1b0d2e75b87c01B0FDc7fCfb49f456",1.67
"62c5f7dd262dbd2259e42ac2","2022-04-18T22:00:00.000Z","mantis#6576","62c5f702cfceab568c67a29c",,"freshelle#9882","62bdca68cfceab568c6438bb","0x38f80f8f76B1C44B2beeFB63bb561F570fb6ddB6","@Yineisy Mota @usamaahmed@AmwFund for mentioning or retweeting Commons Stack on the socials the past week! Thank you for helping us grow the Commons Stack community and spreading the message! üôèüèºüå± ","DISCORD:776352358832930816:778150291706609703","DISCORD:Commons%20Stack:%F0%9F%99%8F%EF%BD%9Cpraise",1,1,1,,,,false,false,false,"liviade#1387","0xF8D1d34956cEa24718cf8687588D6FeDbc6d9AA6","Yineisy Mota#1449","0x5A227E2919A49f9d4698e9fd2B318EfCd0f16Bda","usamaahmed#9991","0xED23B82A6b1b0d2e75b87c01B0FDc7fCfb49f456",1
"62c5f7dd262dbd2259e42ac3","2022-04-18T22:00:00.000Z","r33pich33p#6906","62c5f7ddcfceab568c67a7bf","0x4318cC449b1cbE6d64dd82E16abE58C79E076C2B","Yineisy Mota#1449","62b33e7ecfceab568c5fdfea","0x5A227E2919A49f9d4698e9fd2B318EfCd0f16Bda","for joining our Trusted Seed Lounge call and sharing your questions and ideas around contributing to the community. Thank you so much for all the insights and recommendations we appreciate your feedback! ","DISCORD:776352358832930816:778150291706609703","DISCORD:Commons%20Stack:%F0%9F%99%8F%EF%BD%9Cpraise",1,21,3,,,,false,false,false,"mafer_cordovas#1034","0xD5288ED50a195017E5B30595F65091a7767817a4","RachaelMalachy#5837","0xA15150D172BA951b4E5a20B2Ca3Cc0Cb0D77d125","Yineisy Mota#1449","0x5A227E2919A49f9d4698e9fd2B318EfCd0f16Bda",8.33
"62c5f7dd262dbd2259e42ac4","2022-04-18T22:00:00.000Z","DarylEdwards.eth#0996","62c5f7ddcfceab568c67a7d5",,"Yineisy Mota#1449","62b33e7ecfceab568c5fdfea","0x5A227E2919A49f9d4698e9fd2B318EfCd0f16Bda","for joining our Trusted Seed Lounge call and sharing your questions and ideas around contributing to the community. Thank you so much for all the insights and recommendations we appreciate your feedback! ","DISCORD:776352358832930816:778150291706609703","DISCORD:Commons%20Stack:%F0%9F%99%8F%EF%BD%9Cpraise",21,5,3,,,,false,false,false,"RachaelMalachy#5837","0xA15150D172BA951b4E5a20B2Ca3Cc0Cb0D77d125","Tamarandom#9361","0xcf79C7EaEC5BDC1A9e32D099C5D6BdF67E4cF6e8","Yineisy Mota#1449","0x5A227E2919A49f9d4698e9fd2B318EfCd0f16Bda",9.67
"62c5f7dd262dbd2259e42ac5","2022-04-20T22:00:00.000Z","tippi fifestarr#4225","62c5f7ddcfceab568c67a7d7",,"freshelle#9882","62bdca68cfceab568c6438bb","0x38f80f8f76B1C44B2beeFB63bb561F570fb6ddB6","@tippi fifestarr for mentioning or retweeting Commons Stack on the socials last week! Thank you for helping us grow the Commons Stack community and spreading the message! üôèüèºüå± ","DISCORD:776352358832930816:778150291706609703","DISCORD:Commons%20Stack:%F0%9F%99%8F%EF%BD%9Cpraise",1,3,1,,,,false,false,false,"mafer_cordovas#1034","0xD5288ED50a195017E5B30595F65091a7767817a4","RachaelMalachy#5837","0xA15150D172BA951b4E5a20B2Ca3Cc0Cb0D77d125","Tamarandom#9361","0xcf79C7EaEC5BDC1A9e32D099C5D6BdF67E4cF6e8",1.67
"62c5f7dd262dbd2259e42ac6","2022-04-20T22:00:00.000Z","Revathi#5324","62c5f7ddcfceab568c67a7d9",,"Yineisy Mota#1449","62b33e7ecfceab568c5fdfea","0x5A227E2919A49f9d4698e9fd2B318EfCd0f16Bda"," @griff (üíú, üíú)  @Paul in Albuquerque  @VSquared üè¥ @tippi fifestarr @Yineisy Mota  for joining today's AMA on ""Degen2Regen"", WAGMI! ‚ú® üíö ","DISCORD:776352358832930816:778150291706609703","DISCORD:Commons%20Stack:%F0%9F%99%8F%EF%BD%9Cpraise",1,3,5,,,,false,false,false,"mafer_cordovas#1034","0xD5288ED50a195017E5B30595F65091a7767817a4","RachaelMalachy#5837","0xA15150D172BA951b4E5a20B2Ca3Cc0Cb0D77d125","usamaahmed#9991","0xED23B82A6b1b0d2e75b87c01B0FDc7fCfb49f456",3
"62c5f7dd262dbd2259e42ac7","2022-04-20T22:00:00.000Z","Griff (üíú,üíú)#8888","62b33e97cfceab568c5fdfff","0x839395e20bbB182fa440d08F850E6c7A8f6F0780","Yineisy Mota#1449","62b33e7ecfceab568c5fdfea","0x5A227E2919A49f9d4698e9fd2B318EfCd0f16Bda"," @griff (üíú, üíú)  @Paul in Albuquerque  @VSquared üè¥ @tippi fifestarr @Yineisy Mota  for joining today's AMA on ""Degen2Regen"", WAGMI! ‚ú® üíö ","DISCORD:776352358832930816:778150291706609703","DISCORD:Commons%20Stack:%F0%9F%99%8F%EF%BD%9Cpraise",3,1,5,,,,false,false,false,"mafer_cordovas#1034","0xD5288ED50a195017E5B30595F65091a7767817a4","Tamarandom#9361","0xcf79C7EaEC5BDC1A9e32D099C5D6BdF67E4cF6e8","usamaahmed#9991","0xED23B82A6b1b0d2e75b87c01B0FDc7fCfb49f456",3
"62c5f7dd262dbd2259e42ac8","2022-04-20T22:00:00.000Z","captnseagraves#0891","62c5f702cfceab568c67a1e4",,"Yineisy Mota#1449","62b33e7ecfceab568c5fdfea","0x5A227E2919A49f9d4698e9fd2B318EfCd0f16Bda"," @griff (üíú, üíú)  @Paul in Albuquerque  @VSquared üè¥ @tippi fifestarr @Yineisy Mota  for joining today's AMA on ""Degen2Regen"", WAGMI! ‚ú® üíö ","DISCORD:776352358832930816:778150291706609703","DISCORD:Commons%20Stack:%F0%9F%99%8F%EF%BD%9Cpraise",3,1,3,,,,false,false,false,"RachaelMalachy#5837","0xA15150D172BA951b4E5a20B2Ca3Cc0Cb0D77d125","Tamarandom#9361","0xcf79C7EaEC5BDC1A9e32D099C5D6BdF67E4cF6e8","Yineisy Mota#1449","0x5A227E2919A49f9d4698e9fd2B318EfCd0f16Bda",2.33
"62c5f7dd262dbd2259e42ac9","2022-04-20T22:00:00.000Z","MS#4235","62c5f702cfceab568c67a1f4",,"Yineisy Mota#1449","62b33e7ecfceab568c5fdfea","0x5A227E2919A49f9d4698e9fd2B318EfCd0f16Bda"," @griff (üíú, üíú)  @Paul in Albuquerque  @VSquared üè¥ @tippi fifestarr @Yineisy Mota  for joining today's AMA on ""Degen2Regen"", WAGMI! ‚ú® üíö ","DISCORD:776352358832930816:778150291706609703","DISCORD:Commons%20Stack:%F0%9F%99%8F%EF%BD%9Cpraise",1,3,5,,,,false,false,false,"liviade#1387","0xF8D1d34956cEa24718cf8687588D6FeDbc6d9AA6","Yineisy Mota#1449","0x5A227E2919A49f9d4698e9fd2B318EfCd0f16Bda","usamaahmed#9991","0xED23B82A6b1b0d2e75b87c01B0FDc7fCfb49f456",3
"62c5f7dd262dbd2259e42aca","2022-04-20T22:00:00.000Z","karmaticacid | AFK til Sept 12#1218","62c5f702cfceab568c67a1ee",,"Yineisy Mota#1449","62b33e7ecfceab568c5fdfea","0x5A227E2919A49f9d4698e9fd2B318EfCd0f16Bda"," @griff (üíú, üíú)  @Paul in Albuquerque  @VSquared üè¥ @tippi fifestarr @Yineisy Mota  for joining today's AMA on ""Degen2Regen"", WAGMI! ‚ú® üíö ","DISCORD:776352358832930816:778150291706609703","DISCORD:Commons%20Stack:%F0%9F%99%8F%EF%BD%9Cpraise",1,3,5,,,,false,false,false,"liviade#1387","0xF8D1d34956cEa24718cf8687588D6FeDbc6d9AA6","RachaelMalachy#5837","0xA15150D172BA951b4E5a20B2Ca3Cc0Cb0D77d125","usamaahmed#9991","0xED23B82A6b1b0d2e75b87c01B0FDc7fCfb49f456",3
"62c5f7dd262dbd2259e42acb","2022-04-20T22:00:00.000Z","iviangita#3204","62b33e7bcfceab568c5fdfe3","0xb760FE1bbC4A2752aBCBb28291a57Cb0cA99fF44","Yineisy Mota#1449","62b33e7ecfceab568c5fdfea","0x5A227E2919A49f9d4698e9fd2B318EfCd0f16Bda"," @griff (üíú, üíú)  @Paul in Albuquerque  @VSquared üè¥ @tippi fifestarr @Yineisy Mota  for joining today's AMA on ""Degen2Regen"", WAGMI! ‚ú® üíö ","DISCORD:776352358832930816:778150291706609703","DISCORD:Commons%20Stack:%F0%9F%99%8F%EF%BD%9Cpraise",3,3,3,,,,false,false,false,"liviade#1387","0xF8D1d34956cEa24718cf8687588D6FeDbc6d9AA6","RachaelMalachy#5837","0xA15150D172BA951b4E5a20B2Ca3Cc0Cb0D77d125","Yineisy Mota#1449","0x5A227E2919A49f9d4698e9fd2B318EfCd0f16Bda",3
"62c5f7dd262dbd2259e42acc","2022-04-20T22:00:00.000Z","usamaahmed#9991","62b34032cfceab568c5fe10c","0xED23B82A6b1b0d2e75b87c01B0FDc7fCfb49f456","Yineisy Mota#1449","62b33e7ecfceab568c5fdfea","0x5A227E2919A49f9d4698e9fd2B318EfCd0f16Bda"," @griff (üíú, üíú)  @Paul in Albuquerque  @VSquared üè¥ @tippi fifestarr @Yineisy Mota  for joining today's AMA on ""Degen2Regen"", WAGMI! ‚ú® üíö ","DISCORD:776352358832930816:778150291706609703","DISCORD:Commons%20Stack:%F0%9F%99%8F%EF%BD%9Cpraise",3,1,3,,,,false,false,false,"RachaelMalachy#5837","0xA15150D172BA951b4E5a20B2Ca3Cc0Cb0D77d125","Tamarandom#9361","0xcf79C7EaEC5BDC1A9e32D099C5D6BdF67E4cF6e8","Yineisy Mota#1449","0x5A227E2919A49f9d4698e9fd2B318EfCd0f16Bda",2.33
"62c5f7dd262dbd2259e42acd","2022-04-20T22:00:00.000Z","mafer_cordovas#1034","62b34034cfceab568c5fe11c","0xD5288ED50a195017E5B30595F65091a7767817a4","Yineisy Mota#1449","62b33e7ecfceab568c5fdfea","0x5A227E2919A49f9d4698e9fd2B318EfCd0f16Bda"," @griff (üíú, üíú)  @Paul in Albuquerque  @VSquared üè¥ @tippi fifestarr @Yineisy Mota  for joining today's AMA on ""Degen2Regen"", WAGMI! ‚ú® üíö ","DISCORD:776352358832930816:778150291706609703","DISCORD:Commons%20Stack:%F0%9F%99%8F%EF%BD%9Cpraise",1,3,3,,,,false,false,false,"liviade#1387","0xF8D1d34956cEa24718cf8687588D6FeDbc6d9AA6","Yineisy Mota#1449","0x5A227E2919A49f9d4698e9fd2B318EfCd0f16Bda","usamaahmed#9991","0xED23B82A6b1b0d2e75b87c01B0FDc7fCfb49f456",2.33
"62c5f7dd262dbd2259e42ace","2022-04-20T22:00:00.000Z","Tamarandom#9361","62b072dbcfceab568c5eaf5e","0xcf79C7EaEC5BDC1A9e32D099C5D6BdF67E4cF6e8","Yineisy Mota#1449","62b33e7ecfceab568c5fdfea","0x5A227E2919A49f9d4698e9fd2B318EfCd0f16Bda"," @griff (üíú, üíú)  @Paul in Albuquerque  @VSquared üè¥ @tippi fifestarr @Yineisy Mota  for joining today's AMA on ""Degen2Regen"", WAGMI! ‚ú® üíö ","DISCORD:776352358832930816:778150291706609703","DISCORD:Commons%20Stack:%F0%9F%99%8F%EF%BD%9Cpraise",3,3,3,,,,false,false,false,"liviade#1387","0xF8D1d34956cEa24718cf8687588D6FeDbc6d9AA6","RachaelMalachy#5837","0xA15150D172BA951b4E5a20B2Ca3Cc0Cb0D77d125","Yineisy Mota#1449","0x5A227E2919A49f9d4698e9fd2B318EfCd0f16Bda",3
"62c5f7dd262dbd2259e42acf","2022-04-20T22:00:00.000Z","thiago.rossi#1714","62c5f700cfceab568c679f3c",,"Yineisy Mota#1449","62b33e7ecfceab568c5fdfea","0x5A227E2919A49f9d4698e9fd2B318EfCd0f16Bda"," @griff (üíú, üíú)  @Paul in Albuquerque  @VSquared üè¥ @tippi fifestarr @Yineisy Mota  for joining today's AMA on ""Degen2Regen"", WAGMI! ‚ú® üíö ","DISCORD:776352358832930816:778150291706609703","DISCORD:Commons%20Stack:%F0%9F%99%8F%EF%BD%9Cpraise",1,0,1,,,,false,false,false,"mafer_cordovas#1034","0xD5288ED50a195017E5B30595F65091a7767817a4","mafer_cordovas#1034","0xD5288ED50a195017E5B30595F65091a7767817a4","Tamarandom#9361","0xcf79C7EaEC5BDC1A9e32D099C5D6BdF67E4cF6e8",1
"62c5f7dd262dbd2259e42ad0","2022-04-20T22:00:00.000Z","Paul in Albuquerque#4390","62c5f7ddcfceab568c67a7e4",,"Yineisy Mota#1449","62b33e7ecfceab568c5fdfea","0x5A227E2919A49f9d4698e9fd2B318EfCd0f16Bda"," @griff (üíú, üíú)  @Paul in Albuquerque  @VSquared üè¥ @tippi fifestarr @Yineisy Mota  for joining today's AMA on ""Degen2Regen"", WAGMI! ‚ú® üíö ","DISCORD:776352358832930816:778150291706609703","DISCORD:Commons%20Stack:%F0%9F%99%8F%EF%BD%9Cpraise",1,1,3,,,,false,false,false,"liviade#1387","0xF8D1d34956cEa24718cf8687588D6FeDbc6d9AA6","Tamarandom#9361","0xcf79C7EaEC5BDC1A9e32D099C5D6BdF67E4cF6e8","Yineisy Mota#1449","0x5A227E2919A49f9d4698e9fd2B318EfCd0f16Bda",1.67
"62c5f7dd262dbd2259e42ad1","2022-04-20T22:00:00.000Z","brokenreality#1419","62c5f7ddcfceab568c67a7e6",,"Yineisy Mota#1449","62b33e7ecfceab568c5fdfea","0x5A227E2919A49f9d4698e9fd2B318EfCd0f16Bda"," @griff (üíú, üíú)  @Paul in Albuquerque  @VSquared üè¥ @tippi fifestarr @Yineisy Mota  for joining today's AMA on ""Degen2Regen"", WAGMI! ‚ú® üíö ","DISCORD:776352358832930816:778150291706609703","DISCORD:Commons%20Stack:%F0%9F%99%8F%EF%BD%9Cpraise",3,1,3,,,,false,false,false,"RachaelMalachy#5837","0xA15150D172BA951b4E5a20B2Ca3Cc0Cb0D77d125","Tamarandom#9361","0xcf79C7EaEC5BDC1A9e32D099C5D6BdF67E4cF6e8","Yineisy Mota#1449","0x5A227E2919A49f9d4698e9fd2B318EfCd0f16Bda",2.33
"62c5f7dd262dbd2259e42ad2","2022-04-20T22:00:00.000Z","freshelle#9882","62bdca68cfceab568c6438bb","0x38f80f8f76B1C44B2beeFB63bb561F570fb6ddB6","Yineisy Mota#1449","62b33e7ecfceab568c5fdfea","0x5A227E2919A49f9d4698e9fd2B318EfCd0f16Bda"," @griff (üíú, üíú)  @Paul in Albuquerque  @VSquared üè¥ @tippi fifestarr @Yineisy Mota  for joining today's AMA on ""Degen2Regen"", WAGMI! ‚ú® üíö ","DISCORD:776352358832930816:778150291706609703","DISCORD:Commons%20Stack:%F0%9F%99%8F%EF%BD%9Cpraise",1,3,5,,,,false,false,false,"liviade#1387","0xF8D1d34956cEa24718cf8687588D6FeDbc6d9AA6","RachaelMalachy#5837","0xA15150D172BA951b4E5a20B2Ca3Cc0Cb0D77d125","usamaahmed#9991","0xED23B82A6b1b0d2e75b87c01B0FDc7fCfb49f456",3
"62c5f7dd262dbd2259e42ad3","2022-04-20T22:00:00.000Z","heyjoe#7235","62c5f7ddcfceab568c67a7e9",,"Yineisy Mota#1449","62b33e7ecfceab568c5fdfea","0x5A227E2919A49f9d4698e9fd2B318EfCd0f16Bda"," @griff (üíú, üíú)  @Paul in Albuquerque  @VSquared üè¥ @tippi fifestarr @Yineisy Mota  for joining today's AMA on ""Degen2Regen"", WAGMI! ‚ú® üíö ","DISCORD:776352358832930816:778150291706609703","DISCORD:Commons%20Stack:%F0%9F%99%8F%EF%BD%9Cpraise",3,3,5,,,,false,false,false,"RachaelMalachy#5837","0xA15150D172BA951b4E5a20B2Ca3Cc0Cb0D77d125","Yineisy Mota#1449","0x5A227E2919A49f9d4698e9fd2B318EfCd0f16Bda","usamaahmed#9991","0xED23B82A6b1b0d2e75b87c01B0FDc7fCfb49f456",3.67
"62c5f7dd262dbd2259e42ad4","2022-04-20T22:00:00.000Z","liviade#1387","62b3402fcfceab568c5fe0f8","0xF8D1d34956cEa24718cf8687588D6FeDbc6d9AA6","Yineisy Mota#1449","62b33e7ecfceab568c5fdfea","0x5A227E2919A49f9d4698e9fd2B318EfCd0f16Bda"," @griff (üíú, üíú)  @Paul in Albuquerque  @VSquared üè¥ @tippi fifestarr @Yineisy Mota  for joining today's AMA on ""Degen2Regen"", WAGMI! ‚ú® üíö ","DISCORD:776352358832930816:778150291706609703","DISCORD:Commons%20Stack:%F0%9F%99%8F%EF%BD%9Cpraise",3,1,5,,,,false,false,false,"mafer_cordovas#1034","0xD5288ED50a195017E5B30595F65091a7767817a4","Tamarandom#9361","0xcf79C7EaEC5BDC1A9e32D099C5D6BdF67E4cF6e8","usamaahmed#9991","0xED23B82A6b1b0d2e75b87c01B0FDc7fCfb49f456",3
"62c5f7dd262dbd2259e42ad5","2022-04-20T22:00:00.000Z","VSquared üè¥#4384","62c5f7ddcfceab568c67a7ec",,"Yineisy Mota#1449","62b33e7ecfceab568c5fdfea","0x5A227E2919A49f9d4698e9fd2B318EfCd0f16Bda"," @griff (üíú, üíú)  @Paul in Albuquerque  @VSquared üè¥ @tippi fifestarr @Yineisy Mota  for joining today's AMA on ""Degen2Regen"", WAGMI! ‚ú® üíö ","DISCORD:776352358832930816:778150291706609703","DISCORD:Commons%20Stack:%F0%9F%99%8F%EF%BD%9Cpraise",1,1,3,,,,false,false,false,"mafer_cordovas#1034","0xD5288ED50a195017E5B30595F65091a7767817a4","liviade#1387","0xF8D1d34956cEa24718cf8687588D6FeDbc6d9AA6","Yineisy Mota#1449","0x5A227E2919A49f9d4698e9fd2B318EfCd0f16Bda",1.67
"62c5f7dd262dbd2259e42ad6","2022-04-20T22:00:00.000Z","tippi fifestarr#4225","62c5f7ddcfceab568c67a7d7",,"Yineisy Mota#1449","62b33e7ecfceab568c5fdfea","0x5A227E2919A49f9d4698e9fd2B318EfCd0f16Bda"," @griff (üíú, üíú)  @Paul in Albuquerque  @VSquared üè¥ @tippi fifestarr @Yineisy Mota  for joining today's AMA on ""Degen2Regen"", WAGMI! ‚ú® üíö ","DISCORD:776352358832930816:778150291706609703","DISCORD:Commons%20Stack:%F0%9F%99%8F%EF%BD%9Cpraise",1,3,1,,,,false,false,false,"mafer_cordovas#1034","0xD5288ED50a195017E5B30595F65091a7767817a4","RachaelMalachy#5837","0xA15150D172BA951b4E5a20B2Ca3Cc0Cb0D77d125","Tamarandom#9361","0xcf79C7EaEC5BDC1A9e32D099C5D6BdF67E4cF6e8",1.67
"62c5f7dd262dbd2259e42ad7","2022-04-20T22:00:00.000Z","Nik#1078","62c5f7ddcfceab568c67a7ef",,"Yineisy Mota#1449","62b33e7ecfceab568c5fdfea","0x5A227E2919A49f9d4698e9fd2B318EfCd0f16Bda"," @griff (üíú, üíú)  @Paul in Albuquerque  @VSquared üè¥ @tippi fifestarr @Yineisy Mota  for joining today's AMA on ""Degen2Regen"", WAGMI! ‚ú® üíö ","DISCORD:776352358832930816:778150291706609703","DISCORD:Commons%20Stack:%F0%9F%99%8F%EF%BD%9Cpraise",1,1,3,,,,false,false,false,"mafer_cordovas#1034","0xD5288ED50a195017E5B30595F65091a7767817a4","liviade#1387","0xF8D1d34956cEa24718cf8687588D6FeDbc6d9AA6","RachaelMalachy#5837","0xA15150D172BA951b4E5a20B2Ca3Cc0Cb0D77d125",1.67
"62c5f7dd262dbd2259e42ad8","2022-04-20T22:00:00.000Z","Yineisy Mota#1449","62b33e7ecfceab568c5fdfea","0x5A227E2919A49f9d4698e9fd2B318EfCd0f16Bda","Yineisy Mota#1449","62b33e7ecfceab568c5fdfea","0x5A227E2919A49f9d4698e9fd2B318EfCd0f16Bda"," @griff (üíú, üíú)  @Paul in Albuquerque  @VSquared üè¥ @tippi fifestarr @Yineisy Mota  for joining today's AMA on ""Degen2Regen"", WAGMI! ‚ú® üíö ","DISCORD:776352358832930816:778150291706609703","DISCORD:Commons%20Stack:%F0%9F%99%8F%EF%BD%9Cpraise",1,3,1,,,,false,false,false,"mafer_cordovas#1034","0xD5288ED50a195017E5B30595F65091a7767817a4","RachaelMalachy#5837","0xA15150D172BA951b4E5a20B2Ca3Cc0Cb0D77d125","Tamarandom#9361","0xcf79C7EaEC5BDC1A9e32D099C5D6BdF67E4cF6e8",1.67
"62c5f7dd262dbd2259e42ad9","2022-04-23T22:00:00.000Z","GideonRo#3175","62c5f702cfceab568c67a21f",,"freshelle#9882","62bdca68cfceab568c6438bb","0x38f80f8f76B1C44B2beeFB63bb561F570fb6ddB6","@Yineisy Mota for mentioning or retweeting Commons Stack on the socials the past week! Thank you for helping us grow the Commons Stack community and spreading the message! üôèüèºüå± ","DISCORD:776352358832930816:778150291706609703","DISCORD:Commons%20Stack:%F0%9F%99%8F%EF%BD%9Cpraise",1,3,1,,,,false,false,false,"liviade#1387","0xF8D1d34956cEa24718cf8687588D6FeDbc6d9AA6","RachaelMalachy#5837","0xA15150D172BA951b4E5a20B2Ca3Cc0Cb0D77d125","usamaahmed#9991","0xED23B82A6b1b0d2e75b87c01B0FDc7fCfb49f456",1.67
"62c5f7dd262dbd2259e42ada","2022-04-23T22:00:00.000Z","mafer_cordovas#1034","62b34034cfceab568c5fe11c","0xD5288ED50a195017E5B30595F65091a7767817a4","freshelle#9882","62bdca68cfceab568c6438bb","0x38f80f8f76B1C44B2beeFB63bb561F570fb6ddB6","@Yineisy Mota for mentioning or retweeting Commons Stack on the socials the past week! Thank you for helping us grow the Commons Stack community and spreading the message! üôèüèºüå± ","DISCORD:776352358832930816:778150291706609703","DISCORD:Commons%20Stack:%F0%9F%99%8F%EF%BD%9Cpraise",1,0,1,,"62c5f7dd262dbd2259e42a85",,false,false,false,"liviade#1387","0xF8D1d34956cEa24718cf8687588D6FeDbc6d9AA6","Yineisy Mota#1449","0x5A227E2919A49f9d4698e9fd2B318EfCd0f16Bda","usamaahmed#9991","0xED23B82A6b1b0d2e75b87c01B0FDc7fCfb49f456",0.77
"62c5f7dd262dbd2259e42adb","2022-04-23T22:00:00.000Z","anna-marie#8824","62bf27dacfceab568c64cb36","0x8041748a2A16e9B7A3980107f4376774421642c8","freshelle#9882","62bdca68cfceab568c6438bb","0x38f80f8f76B1C44B2beeFB63bb561F570fb6ddB6","@Yineisy Mota for mentioning or retweeting Commons Stack on the socials the past week! Thank you for helping us grow the Commons Stack community and spreading the message! üôèüèºüå± ","DISCORD:776352358832930816:778150291706609703","DISCORD:Commons%20Stack:%F0%9F%99%8F%EF%BD%9Cpraise",1,1,1,,,,false,false,false,"mafer_cordovas#1034","0xD5288ED50a195017E5B30595F65091a7767817a4","liviade#1387","0xF8D1d34956cEa24718cf8687588D6FeDbc6d9AA6","usamaahmed#9991","0xED23B82A6b1b0d2e75b87c01B0FDc7fCfb49f456",1
"62c5f7dd262dbd2259e42adc","2022-04-23T22:00:00.000Z","MS#4235","62c5f702cfceab568c67a1f4",,"freshelle#9882","62bdca68cfceab568c6438bb","0x38f80f8f76B1C44B2beeFB63bb561F570fb6ddB6","@Yineisy Mota for mentioning or retweeting Commons Stack on the socials the past week! Thank you for helping us grow the Commons Stack community and spreading the message! üôèüèºüå± ","DISCORD:776352358832930816:778150291706609703","DISCORD:Commons%20Stack:%F0%9F%99%8F%EF%BD%9Cpraise",1,1,1,,,,false,false,false,"liviade#1387","0xF8D1d34956cEa24718cf8687588D6FeDbc6d9AA6","Yineisy Mota#1449","0x5A227E2919A49f9d4698e9fd2B318EfCd0f16Bda","usamaahmed#9991","0xED23B82A6b1b0d2e75b87c01B0FDc7fCfb49f456",1
"62c5f7dd262dbd2259e42add","2022-04-23T22:00:00.000Z","Yineisy Mota#1449","62b33e7ecfceab568c5fdfea","0x5A227E2919A49f9d4698e9fd2B318EfCd0f16Bda","freshelle#9882","62bdca68cfceab568c6438bb","0x38f80f8f76B1C44B2beeFB63bb561F570fb6ddB6","@Yineisy Mota for mentioning or retweeting Commons Stack on the socials the past week! Thank you for helping us grow the Commons Stack community and spreading the message! üôèüèºüå± ","DISCORD:776352358832930816:778150291706609703","DISCORD:Commons%20Stack:%F0%9F%99%8F%EF%BD%9Cpraise",1,3,1,,,,false,false,false,"mafer_cordovas#1034","0xD5288ED50a195017E5B30595F65091a7767817a4","RachaelMalachy#5837","0xA15150D172BA951b4E5a20B2Ca3Cc0Cb0D77d125","Tamarandom#9361","0xcf79C7EaEC5BDC1A9e32D099C5D6BdF67E4cF6e8",1.67
"62c5f7dd262dbd2259e42ade","2022-04-23T22:00:00.000Z","Rodricast#1415","62b9d248cfceab568c6296d8",,"freshelle#9882","62bdca68cfceab568c6438bb","0x38f80f8f76B1C44B2beeFB63bb561F570fb6ddB6","@Yineisy Mota for mentioning or retweeting Commons Stack on the socials the past week! Thank you for helping us grow the Commons Stack community and spreading the message! üôèüèºüå± ","DISCORD:776352358832930816:778150291706609703","DISCORD:Commons%20Stack:%F0%9F%99%8F%EF%BD%9Cpraise",1,3,1,,,,false,false,false,"mafer_cordovas#1034","0xD5288ED50a195017E5B30595F65091a7767817a4","RachaelMalachy#5837","0xA15150D172BA951b4E5a20B2Ca3Cc0Cb0D77d125","Yineisy Mota#1449","0x5A227E2919A49f9d4698e9fd2B318EfCd0f16Bda",1.67
"62c5f7dd262dbd2259e42adf","2022-04-23T22:00:00.000Z","thiago.rossi#1714","62c5f700cfceab568c679f3c",,"freshelle#9882","62bdca68cfceab568c6438bb","0x38f80f8f76B1C44B2beeFB63bb561F570fb6ddB6","@Yineisy Mota for mentioning or retweeting Commons Stack on the socials the past week! Thank you for helping us grow the Commons Stack community and spreading the message! üôèüèºüå± ","DISCORD:776352358832930816:778150291706609703","DISCORD:Commons%20Stack:%F0%9F%99%8F%EF%BD%9Cpraise",1,0,1,,,,false,false,false,"mafer_cordovas#1034","0xD5288ED50a195017E5B30595F65091a7767817a4","mafer_cordovas#1034","0xD5288ED50a195017E5B30595F65091a7767817a4","Tamarandom#9361","0xcf79C7EaEC5BDC1A9e32D099C5D6BdF67E4cF6e8",1
"62c5f7dd262dbd2259e42ae0","2022-04-23T22:00:00.000Z","usamaahmed#9991","62b34032cfceab568c5fe10c","0xED23B82A6b1b0d2e75b87c01B0FDc7fCfb49f456","freshelle#9882","62bdca68cfceab568c6438bb","0x38f80f8f76B1C44B2beeFB63bb561F570fb6ddB6","@Yineisy Mota for mentioning or retweeting Commons Stack on the socials the past week! Thank you for helping us grow the Commons Stack community and spreading the message! üôèüèºüå± ","DISCORD:776352358832930816:778150291706609703","DISCORD:Commons%20Stack:%F0%9F%99%8F%EF%BD%9Cpraise",3,1,0,,,"62c5f7dd262dbd2259e42abc",false,false,false,"RachaelMalachy#5837","0xA15150D172BA951b4E5a20B2Ca3Cc0Cb0D77d125","Tamarandom#9361","0xcf79C7EaEC5BDC1A9e32D099C5D6BdF67E4cF6e8","Yineisy Mota#1449","0x5A227E2919A49f9d4698e9fd2B318EfCd0f16Bda",1.43
"62c5f7dd262dbd2259e42ae1","2022-04-23T22:00:00.000Z","freshelle#9882","62bdca68cfceab568c6438bb","0x38f80f8f76B1C44B2beeFB63bb561F570fb6ddB6","freshelle#9882","62bdca68cfceab568c6438bb","0x38f80f8f76B1C44B2beeFB63bb561F570fb6ddB6","@Yineisy Mota for mentioning or retweeting Commons Stack on the socials the past week! Thank you for helping us grow the Commons Stack community and spreading the message! üôèüèºüå± ","DISCORD:776352358832930816:778150291706609703","DISCORD:Commons%20Stack:%F0%9F%99%8F%EF%BD%9Cpraise",1,3,1,,,,false,false,false,"liviade#1387","0xF8D1d34956cEa24718cf8687588D6FeDbc6d9AA6","RachaelMalachy#5837","0xA15150D172BA951b4E5a20B2Ca3Cc0Cb0D77d125","usamaahmed#9991","0xED23B82A6b1b0d2e75b87c01B0FDc7fCfb49f456",1.67
"62c5f7dd262dbd2259e42ae2","2022-04-23T22:00:00.000Z","captnseagraves#0891","62c5f702cfceab568c67a1e4",,"freshelle#9882","62bdca68cfceab568c6438bb","0x38f80f8f76B1C44B2beeFB63bb561F570fb6ddB6","@Yineisy Mota for mentioning or retweeting Commons Stack on the socials the past week! Thank you for helping us grow the Commons Stack community and spreading the message! üôèüèºüå± ","DISCORD:776352358832930816:778150291706609703","DISCORD:Commons%20Stack:%F0%9F%99%8F%EF%BD%9Cpraise",3,1,1,,,,false,false,false,"RachaelMalachy#5837","0xA15150D172BA951b4E5a20B2Ca3Cc0Cb0D77d125","Tamarandom#9361","0xcf79C7EaEC5BDC1A9e32D099C5D6BdF67E4cF6e8","Yineisy Mota#1449","0x5A227E2919A49f9d4698e9fd2B318EfCd0f16Bda",1.67
"62c5f7dd262dbd2259e42ae3","2022-04-23T22:00:00.000Z","MisterBoyfriend#7096","62c5f702cfceab568c67a2eb",,"freshelle#9882","62bdca68cfceab568c6438bb","0x38f80f8f76B1C44B2beeFB63bb561F570fb6ddB6","@Yineisy Mota for mentioning or retweeting Commons Stack on the socials the past week! Thank you for helping us grow the Commons Stack community and spreading the message! üôèüèºüå± ","DISCORD:776352358832930816:778150291706609703","DISCORD:Commons%20Stack:%F0%9F%99%8F%EF%BD%9Cpraise",1,1,1,,,,false,false,false,"mafer_cordovas#1034","0xD5288ED50a195017E5B30595F65091a7767817a4","liviade#1387","0xF8D1d34956cEa24718cf8687588D6FeDbc6d9AA6","Tamarandom#9361","0xcf79C7EaEC5BDC1A9e32D099C5D6BdF67E4cF6e8",1
"62c5f7dd262dbd2259e42ae4","2022-04-29T22:00:00.000Z","mafer_cordovas#1034","62b34034cfceab568c5fe11c","0xD5288ED50a195017E5B30595F65091a7767817a4","freshelle#9882","62bdca68cfceab568c6438bb","0x38f80f8f76B1C44B2beeFB63bb561F570fb6ddB6"," for mentioning or retweeting Commons Stack on the socials the past week! Thank you for helping us grow the Commons Stack community and spreading the message! üôèüèºüå± ","DISCORD:776352358832930816:778150291706609703","DISCORD:Commons%20Stack:%F0%9F%99%8F%EF%BD%9Cpraise",1,0,1,,"62c5f7dd262dbd2259e42a85",,false,false,false,"liviade#1387","0xF8D1d34956cEa24718cf8687588D6FeDbc6d9AA6","Yineisy Mota#1449","0x5A227E2919A49f9d4698e9fd2B318EfCd0f16Bda","usamaahmed#9991","0xED23B82A6b1b0d2e75b87c01B0FDc7fCfb49f456",0.77
"62c5f7dd262dbd2259e42ae5","2022-04-29T22:00:00.000Z","logonaut.eth#9437","62bdca8dcfceab568c6438d7","0xB0CCf43adA6CBaA26dcf4907117b496d49f74242","freshelle#9882","62bdca68cfceab568c6438bb","0x38f80f8f76B1C44B2beeFB63bb561F570fb6ddB6"," for mentioning or retweeting Commons Stack on the socials the past week! Thank you for helping us grow the Commons Stack community and spreading the message! üôèüèºüå± ","DISCORD:776352358832930816:778150291706609703","DISCORD:Commons%20Stack:%F0%9F%99%8F%EF%BD%9Cpraise",1,1,1,,,,false,false,false,"liviade#1387","0xF8D1d34956cEa24718cf8687588D6FeDbc6d9AA6","Tamarandom#9361","0xcf79C7EaEC5BDC1A9e32D099C5D6BdF67E4cF6e8","usamaahmed#9991","0xED23B82A6b1b0d2e75b87c01B0FDc7fCfb49f456",1
"62c5f7dd262dbd2259e42ae6","2022-04-29T22:00:00.000Z","freshelle#9882","62bdca68cfceab568c6438bb","0x38f80f8f76B1C44B2beeFB63bb561F570fb6ddB6","freshelle#9882","62bdca68cfceab568c6438bb","0x38f80f8f76B1C44B2beeFB63bb561F570fb6ddB6"," for mentioning or retweeting Commons Stack on the socials the past week! Thank you for helping us grow the Commons Stack community and spreading the message! üôèüèºüå± ","DISCORD:776352358832930816:778150291706609703","DISCORD:Commons%20Stack:%F0%9F%99%8F%EF%BD%9Cpraise",1,3,1,,,,false,false,false,"liviade#1387","0xF8D1d34956cEa24718cf8687588D6FeDbc6d9AA6","RachaelMalachy#5837","0xA15150D172BA951b4E5a20B2Ca3Cc0Cb0D77d125","usamaahmed#9991","0xED23B82A6b1b0d2e75b87c01B0FDc7fCfb49f456",1.67
"62c5f7dd262dbd2259e42ae7","2022-04-29T22:00:00.000Z","thiago.rossi#1714","62c5f700cfceab568c679f3c",,"freshelle#9882","62bdca68cfceab568c6438bb","0x38f80f8f76B1C44B2beeFB63bb561F570fb6ddB6"," for mentioning or retweeting Commons Stack on the socials the past week! Thank you for helping us grow the Commons Stack community and spreading the message! üôèüèºüå± ","DISCORD:776352358832930816:778150291706609703","DISCORD:Commons%20Stack:%F0%9F%99%8F%EF%BD%9Cpraise",1,0,1,,,,false,false,false,"mafer_cordovas#1034","0xD5288ED50a195017E5B30595F65091a7767817a4","mafer_cordovas#1034","0xD5288ED50a195017E5B30595F65091a7767817a4","Tamarandom#9361","0xcf79C7EaEC5BDC1A9e32D099C5D6BdF67E4cF6e8",1
"62c5f7dd262dbd2259e42ae8","2022-04-29T22:00:00.000Z","usamaahmed#9991","62b34032cfceab568c5fe10c","0xED23B82A6b1b0d2e75b87c01B0FDc7fCfb49f456","freshelle#9882","62bdca68cfceab568c6438bb","0x38f80f8f76B1C44B2beeFB63bb561F570fb6ddB6"," for mentioning or retweeting Commons Stack on the socials the past week! Thank you for helping us grow the Commons Stack community and spreading the message! üôèüèºüå± ","DISCORD:776352358832930816:778150291706609703","DISCORD:Commons%20Stack:%F0%9F%99%8F%EF%BD%9Cpraise",3,1,0,,,"62c5f7dd262dbd2259e42abc",false,false,false,"RachaelMalachy#5837","0xA15150D172BA951b4E5a20B2Ca3Cc0Cb0D77d125","Tamarandom#9361","0xcf79C7EaEC5BDC1A9e32D099C5D6BdF67E4cF6e8","Yineisy Mota#1449","0x5A227E2919A49f9d4698e9fd2B318EfCd0f16Bda",1.43
"62c5f7dd262dbd2259e42ae9","2022-04-29T22:00:00.000Z","alexsotodigital#7208","62c5f702cfceab568c67a2f2",,"freshelle#9882","62bdca68cfceab568c6438bb","0x38f80f8f76B1C44B2beeFB63bb561F570fb6ddB6"," for mentioning or retweeting Commons Stack on the socials the past week! Thank you for helping us grow the Commons Stack community and spreading the message! üôèüèºüå± ","DISCORD:776352358832930816:778150291706609703","DISCORD:Commons%20Stack:%F0%9F%99%8F%EF%BD%9Cpraise",1,3,1,,,,false,false,false,"Tamarandom#9361","0xcf79C7EaEC5BDC1A9e32D099C5D6BdF67E4cF6e8","Yineisy Mota#1449","0x5A227E2919A49f9d4698e9fd2B318EfCd0f16Bda","usamaahmed#9991","0xED23B82A6b1b0d2e75b87c01B0FDc7fCfb49f456",1.67
"62c5f7dd262dbd2259e42aea","2022-04-29T22:00:00.000Z","MisterBoyfriend#7096","62c5f702cfceab568c67a2eb",,"freshelle#9882","62bdca68cfceab568c6438bb","0x38f80f8f76B1C44B2beeFB63bb561F570fb6ddB6"," for mentioning or retweeting Commons Stack on the socials the past week! Thank you for helping us grow the Commons Stack community and spreading the message! üôèüèºüå± ","DISCORD:776352358832930816:778150291706609703","DISCORD:Commons%20Stack:%F0%9F%99%8F%EF%BD%9Cpraise",1,1,1,,,,false,false,false,"mafer_cordovas#1034","0xD5288ED50a195017E5B30595F65091a7767817a4","liviade#1387","0xF8D1d34956cEa24718cf8687588D6FeDbc6d9AA6","Tamarandom#9361","0xcf79C7EaEC5BDC1A9e32D099C5D6BdF67E4cF6e8",1
"62c5f7dd262dbd2259e42aeb","2022-05-05T22:00:00.000Z","Vitor Marthendal#5733","62c5f7ddcfceab568c67a806",,"Tamarandom#9361","62b072dbcfceab568c5eaf5e","0xcf79C7EaEC5BDC1A9e32D099C5D6BdF67E4cF6e8","@Vitor Marthendal for configuring the tokenlog for the CommonsPrize so so so fast! You made my day! ü§∏üèΩ‚Äç‚ôÄÔ∏è ","DISCORD:776352358832930816:778150291706609703","DISCORD:Commons%20Stack:%F0%9F%99%8F%EF%BD%9Cpraise",21,13,5,,,,false,false,false,"RachaelMalachy#5837","0xA15150D172BA951b4E5a20B2Ca3Cc0Cb0D77d125","Tamarandom#9361","0xcf79C7EaEC5BDC1A9e32D099C5D6BdF67E4cF6e8","Yineisy Mota#1449","0x5A227E2919A49f9d4698e9fd2B318EfCd0f16Bda",13
"62c5f7dd262dbd2259e42aec","2022-05-05T22:00:00.000Z","Tamarandom#9361","62b072dbcfceab568c5eaf5e","0xcf79C7EaEC5BDC1A9e32D099C5D6BdF67E4cF6e8","markop#2007","62c5f701cfceab568c67a0a8",,"for meeting with me to discuss collaboration and partnership models between General Magic and Commons Stack. ","DISCORD:776352358832930816:778150291706609703","DISCORD:Commons%20Stack:%F0%9F%99%8F%EF%BD%9Cpraise",13,13,5,,,,false,false,false,"liviade#1387","0xF8D1d34956cEa24718cf8687588D6FeDbc6d9AA6","RachaelMalachy#5837","0xA15150D172BA951b4E5a20B2Ca3Cc0Cb0D77d125","Yineisy Mota#1449","0x5A227E2919A49f9d4698e9fd2B318EfCd0f16Bda",10.33
"62c5f7dd262dbd2259e42aed","2022-05-05T22:00:00.000Z","kristofer#1475","62b0706ccfceab568c5eae33","0xa32aECda752cF4EF89956e83d60C04835d4FA867","liviade#1387","62b3402fcfceab568c5fe0f8","0xF8D1d34956cEa24718cf8687588D6FeDbc6d9AA6","for presenting Praise to the dOrg team! ","DISCORD:776352358832930816:778150291706609703","DISCORD:Commons%20Stack:%F0%9F%99%8F%EF%BD%9Cpraise",5,0,13,,,,false,false,false,"mafer_cordovas#1034","0xD5288ED50a195017E5B30595F65091a7767817a4","mafer_cordovas#1034","0xD5288ED50a195017E5B30595F65091a7767817a4","Tamarandom#9361","0xcf79C7EaEC5BDC1A9e32D099C5D6BdF67E4cF6e8",9
"62c5f7dd262dbd2259e42aee","2022-05-05T22:00:00.000Z","mafer_cordovas#1034","62b34034cfceab568c5fe11c","0xD5288ED50a195017E5B30595F65091a7767817a4","hanners717#2022","62c5f701cfceab568c679fd9","0x4368b073DC7691f08d385Bd29Ac55cbeE2B45fe2","for speaking at the ReFi Unconference!!! I'm so proud of you! ","DISCORD:776352358832930816:778150291706609703","DISCORD:Commons%20Stack:%F0%9F%99%8F%EF%BD%9Cpraise",34,13,1,,,,false,false,false,"liviade#1387","0xF8D1d34956cEa24718cf8687588D6FeDbc6d9AA6","Yineisy Mota#1449","0x5A227E2919A49f9d4698e9fd2B318EfCd0f16Bda","usamaahmed#9991","0xED23B82A6b1b0d2e75b87c01B0FDc7fCfb49f456",16